group,year,signals,n,win_rate,avg_r,median_r,profit_factor,p10_r,hard_loss_rate,gap_loss_rate
SP500_ABC,2019,14,12,83.33333333333334,0.4049944926215418,0.7137684909818459,4.064608310270713,-0.490804905705686,8.333333333333332,0.0
SP500_ABC,2020,17,12,58.333333333333336,0.18000974747615986,0.3484735510873223,1.49513148981223,-1.0200000000000014,33.33333333333333,0.0
SP500_ABC,2021,15,10,80.0,0.33517516638095735,0.46124904431329694,2.6430155214752804,-1.02,20.0,0.0
SP500_ABC,2022,30,26,53.84615384615385,0.024455292609843454,0.313783298124836,1.0571002853651321,-1.0200000000000014,38.46153846153847,7.6923076923076925
SP500_ABC,2023,16,15,86.66666666666667,0.551803383502584,0.38918210329643127,8.085037686266558,0.006149354182013789,6.666666666666667,0.0
SP500_ABC,2024,31,22,68.18181818181817,0.3564226693519696,0.25422739931172716,3.214255403752445,-0.553637212794042,9.090909090909092,0.0
SP500_ABC,2025,12,11,100.0,0.9348205230253076,0.9404864709941121,999.0,0.614561922348873,0.0,0.0
SP500_ABC,2026,23,16,68.75,0.27513469397327045,0.4239060584877279,2.1369237865930084,-1.020000000000001,18.75,0.0
SP1500_ABC,2019,38,32,68.75,0.116682278547706,0.30764372639461013,1.3167895314842295,-1.0200000000000007,21.875,3.125
SP1500_ABC,2020,65,48,56.25,0.11245066989970398,0.27710331647812636,1.2563937920524824,-1.0200000000000018,41.66666666666667,2.083333333333333
SP1500_ABC,2021,51,41,43.90243902439025,-0.2204282147625608,-0.5970748203680272,0.580323260762924,-1.0200000000000014,46.34146341463415,0.0
SP1500_ABC,2022,98,83,39.75903614457831,-0.2719756136743594,-1.0199999999999991,0.5170203089530728,-1.020000000000002,50.602409638554214,6.024096385542169
SP1500_ABC,2023,80,59,72.88135593220339,0.21874017004912005,0.32306692390056807,2.0309022918581277,-1.0200000000000002,18.64406779661017,0.0
SP1500_ABC,2024,75,57,64.91228070175438,0.16880711206442928,0.37304827290367404,1.579421166213125,-1.0200000000000011,24.561403508771928,1.7543859649122806
SP1500_ABC,2025,74,56,76.78571428571429,0.4216361722870251,0.4027995867736772,3.3161897719538715,-1.0200000000000005,16.071428571428573,3.571428571428571
SP1500_ABC,2026,78,60,55.00000000000001,-0.0029259594414334277,0.12947377304861243,0.9929941338934728,-1.020000000000002,36.666666666666664,5.0
SP1500_ABC_ADV20_20M,2019,26,21,71.42857142857143,0.07357880047985618,0.49314056224809055,1.1837996807181024,-1.0200000000000007,19.047619047619047,4.761904761904762
SP1500_ABC_ADV20_20M,2020,44,31,58.06451612903226,0.1750741337401447,0.5293146282280256,1.4209780340237719,-1.020000000000002,38.70967741935484,3.225806451612903
SP1500_ABC_ADV20_20M,2021,39,31,45.16129032258064,-0.18293078195391566,-0.3585199692450232,0.6337682590505934,-1.0200000000000016,45.16129032258064,0.0
SP1500_ABC_ADV20_20M,2022,65,58,41.37931034482759,-0.22805801264922296,-1.0199999999999991,0.5886206472113023,-1.020000000000002,51.724137931034484,6.896551724137931
SP1500_ABC_ADV20_20M,2023,53,39,71.7948717948718,0.2573679010377844,0.3539987052056661,2.075017890172563,-1.0200000000000005,20.51282051282051,0.0
SP1500_ABC_ADV20_20M,2024,64,49,67.3469387755102,0.22772793184952095,0.41331258578371627,1.8552409719599174,-1.0200000000000011,22.448979591836736,2.0408163265306123
SP1500_ABC_ADV20_20M,2025,55,41,78.04878048780488,0.5683124954164335,0.7364135841147341,4.462223897274662,-1.020000000000001,14.634146341463413,4.878048780487805
SP1500_ABC_ADV20_20M,2026,73,57,56.14035087719298,0.025627733259797014,0.1917797008428814,1.0635046040881244,-1.0200000000000018,35.08771929824561,3.508771929824561
