trade_risk_pct,portfolio_risk_cap_pct,max_positions,initial_capital,final_equity,total_return_pct,cagr_pct,max_drawdown_pct,calmar,sharpe,sortino,ann_vol_pct,worst_day_pct,worst_week_pct,worst_month_pct,trades,wins,losses,win_rate_pct,profit_factor,avg_r_multiple,accepted_entries,signals_seen,rejected_risk_cap,rejected_slots,rejected_cash,rejected_already_open,acceptance_rate_pct,max_positions_seen,max_planned_risk_pct,avg_planned_risk_pct,avg_gross_exposure_pct,max_gross_exposure_pct,gap_exits,worst_gap_r,embedded_cost_model_rt_pct,total_cost_eur
0.5,1.5,3,10000.0,12123.75,21.237,4.844,-5.042,0.9607,1.3587,1.3209,3.541,-1.831,-2.494,-1.967,191,126,65,65.969,1.685,0.2076,191,587,0,175,1,220,32.538,3,1.491,0.249,5.413,29.914,11,-3.5152,0.1,194.61
0.75,2.25,3,10000.0,13446.82,34.468,7.546,-7.695,0.9806,1.3652,1.3329,5.459,-2.822,-3.865,-3.287,191,127,64,66.492,1.6933,0.216,191,587,0,176,0,220,32.538,3,2.236,0.382,8.325,45.382,12,-3.5152,0.1,314.11
1.0,3.0,3,10000.0,14861.23,48.612,10.22,-10.139,1.008,1.3702,1.3369,7.326,-3.795,-5.151,-4.539,191,127,64,66.492,1.7002,0.216,191,587,0,176,0,220,32.538,3,3.036,0.513,11.157,60.491,12,-3.5152,0.1,440.77
1.25,3.25,3,10000.0,14918.03,49.18,10.324,-13.167,0.7841,1.2408,1.1052,8.222,-4.466,-5.859,-3.947,154,100,54,64.935,1.6726,0.2193,154,587,218,39,0,176,26.235,3,3.209,0.532,11.529,65.519,12,-3.5152,0.1,438.2
1.25,3.75,3,10000.0,16514.68,65.147,13.114,-13.335,0.9834,1.3814,1.3311,9.267,-4.698,-6.826,-5.472,190,127,63,66.842,1.7251,0.221,190,587,2,175,0,220,32.368,3,3.812,0.655,14.225,75.374,12,-3.5152,0.1,580.69
1.5,4.5,3,10000.0,17315.76,73.158,14.437,-17.138,0.8424,1.2693,1.1978,11.158,-5.724,-8.254,-6.675,185,122,63,65.946,1.6604,0.2127,185,587,10,173,0,219,31.516,3,4.604,0.783,17.026,89.952,12,-3.5152,0.1,698.41
1.75,3.5,3,10000.0,17450.09,74.501,14.655,-18.047,0.8121,1.2662,1.1168,11.354,-6.252,-7.626,-5.951,149,97,52,65.101,1.7227,0.2264,149,587,233,28,0,177,25.383,3,3.546,0.743,16.051,87.568,10,-3.5152,0.1,635.39
2.0,4.25,3,10000.0,18245.25,82.452,15.917,-20.786,0.7657,1.1987,1.0731,13.087,-7.119,-9.362,-6.639,155,100,55,64.516,1.6414,0.2084,155,587,230,28,3,171,26.405,3,4.101,0.857,18.546,99.895,12,-3.5152,0.1,773.03
2.0,4.5,3,10000.0,18245.25,82.452,15.917,-20.786,0.7657,1.1987,1.0731,13.087,-7.119,-9.362,-6.639,155,100,55,64.516,1.6414,0.2084,155,587,230,28,3,171,26.405,3,4.101,0.857,18.546,99.895,12,-3.5152,0.1,773.03
2.0,4.75,3,10000.0,18245.25,82.452,15.917,-20.786,0.7657,1.1987,1.0731,13.087,-7.119,-9.362,-6.639,155,100,55,64.516,1.6414,0.2084,155,587,230,28,3,171,26.405,3,4.101,0.857,18.546,99.895,12,-3.5152,0.1,773.03
2.0,5.0,3,10000.0,18245.25,82.452,15.917,-20.786,0.7657,1.1987,1.0731,13.087,-7.119,-9.362,-6.639,155,100,55,64.516,1.6414,0.2084,155,587,230,28,3,171,26.405,3,4.101,0.857,18.546,99.895,12,-3.5152,0.1,773.03
2.0,5.25,3,10000.0,18245.25,82.452,15.917,-20.786,0.7657,1.1987,1.0731,13.087,-7.119,-9.362,-6.639,155,100,55,64.516,1.6414,0.2084,155,587,230,28,3,171,26.405,3,4.101,0.857,18.546,99.895,12,-3.5152,0.1,773.03
2.0,5.5,3,10000.0,18245.25,82.452,15.917,-20.786,0.7657,1.1987,1.0731,13.087,-7.119,-9.362,-6.639,155,100,55,64.516,1.6414,0.2084,155,587,230,28,3,171,26.405,3,4.101,0.857,18.546,99.895,12,-3.5152,0.1,773.03
2.0,5.75,3,10000.0,18245.25,82.452,15.917,-20.786,0.7657,1.1987,1.0731,13.087,-7.119,-9.362,-6.639,155,100,55,64.516,1.6414,0.2084,155,587,220,28,13,171,26.405,3,4.101,0.857,18.546,99.895,12,-3.5152,0.1,773.03
2.0,6.0,3,10000.0,18245.25,82.452,15.917,-20.786,0.7657,1.1987,1.0731,13.087,-7.119,-9.362,-6.639,155,100,55,64.516,1.6414,0.2084,155,587,18,28,215,171,26.405,3,4.101,0.857,18.546,99.895,12,-3.5152,0.1,773.03
