type,label,robust,train_delta_avg_r,val_delta_avg_r,test_delta_avg_r,train_delta_pf,val_delta_pf,test_delta_pf,train_keep_rate,val_keep_rate,test_keep_rate,oos_bootstrap_prob
single,range_pos60 >= 0.08807,True,0.11775500037540457,0.10973961257233267,0.0674654668187302,0.7333504400440509,0.5192691182683191,0.17919141760880464,0.5031055900621118,0.5454545454545454,0.5409836065573771,0.887
single,ret5_pct >= -1.215,True,0.0014081112887922298,0.0627457475200962,0.10909449713631794,0.10403049976705181,0.836881563808356,0.3440487939568454,0.40372670807453415,0.43636363636363634,0.4262295081967213,0.833
single,ret20_pct <= -15.46,True,0.06854396146798361,0.05650528832907692,0.061249882238584796,0.19851452037679818,0.5916068555407423,0.14820247174917667,0.40372670807453415,0.36363636363636365,0.4098360655737705,0.6645
single,gap_pct >= -0.1681,True,0.13138376929764453,0.02773165035289271,0.09576379483514852,0.7931166518179749,0.12917292641320133,0.25715531434905003,0.6956521739130435,0.6,0.5737704918032787,0.8335
single,rsi_change5 >= -8.897,True,0.01834120134935527,0.03220476514551457,0.021740736206646506,0.10450901570720972,0.5450316070938741,0.05466498666809372,0.8012422360248447,0.8727272727272727,0.8360655737704918,0.804
single,rsi >= 28.94,True,0.1223850823368052,0.0843421926588162,0.02021817605071102,0.5202177685952971,0.9245447161053275,0.04818300218280147,0.40372670807453415,0.5272727272727272,0.5573770491803278,0.7215
single,volume_ratio_5_60 >= 0.8475,True,0.06844099203382667,0.009422528002931918,0.12658118444545033,0.4156518457241687,0.3853566783671365,0.42361346801213273,0.6024844720496895,0.4727272727272727,0.5409836065573771,0.762
single,dd60_change5 >= -0.4388,True,0.004701131813713816,0.0066092904073922765,0.17704672507442315,0.11548712708783992,0.4112595332668647,0.6110730185226153,0.40372670807453415,0.41818181818181815,0.3770491803278688,0.8575
single,dd60 <= -18.65,True,0.0942613946570999,0.04078434530427488,0.002891757683108828,0.2632531266739575,0.1991497757912981,0.026716647342519106,0.5031055900621118,0.5454545454545454,0.5737704918032787,0.5675
single,spy20 <= -2.462,False,0.2781128635228808,0.03077188098145689,0.5034751457247784,2.837483054989903,0.848073897052366,1.4633976706505902,0.40372670807453415,0.3090909090909091,0.04918032786885246,
single,down_days5 <= 3,False,-0.0037815234682477272,0.01713935433365421,0.027917572497942144,0.01861814787736127,0.05700186385145223,0.07122672904348737,0.7142857142857143,0.8181818181818182,0.7868852459016393,
single,spy20 >= -4.027,False,-0.06659146735606561,0.021629344628453062,0.0,-0.2692008767032772,0.059109424330793914,0.0,0.8074534161490683,0.8727272727272727,1.0,
single,price_vs_ma50_pct <= -8.305,False,0.011159746487929417,0.10401060989899857,-0.003382719224305504,-0.03405417435933811,1.4767532275263084,0.008009542436833383,0.6024844720496895,0.5272727272727272,0.5409836065573771,
single,beta_sector <= 1.383,False,-0.07655388676879024,-0.0075947648892569775,0.0024080947351757184,-0.2575497899398296,0.30662525668836693,-0.0030426397193287213,0.8012422360248447,0.7636363636363637,0.819672131147541,
single,ret10_pct >= -11,False,-0.06287551210605144,-0.011195154850683064,0.023676485482877575,-0.2051275275950044,-0.04269322529316977,0.05417540510416363,0.8012422360248447,0.7454545454545455,0.819672131147541,
single,abnormal20 <= -11.08,False,-0.00666999590063494,-0.011807646259678062,-0.010827121333706537,-0.1015660009827648,-0.13653084113370095,-0.023085415168713097,0.8012422360248447,0.8727272727272727,0.8852459016393442,
single,vol20_ann_pct >= 32.22,False,0.0868310516841709,0.24373023776389569,-0.015350434360056397,0.24709297616404546,2.238066658836405,-0.01974823731451658,0.6024844720496895,0.6363636363636364,0.6065573770491803,
single,entry_weekday != Friday,False,0.055025036358584106,-0.01779792270922048,-0.03981579651031724,0.25406483864272045,-0.15392273980970828,-0.08575784012827337,0.8260869565217391,0.9272727272727272,0.8524590163934426,
single,sector_minus_spy20_pct >= -1.439,False,0.07152933997836816,-0.0430416266112259,0.1931601010716228,0.576078931494789,-0.36762291706708705,0.6160951000769285,0.6024844720496895,0.6363636363636364,0.45901639344262296,
single,abnormal20 >= -16.25,False,0.0711014696882877,-0.0443916397498299,0.08155961741942744,0.6771470148434655,-0.2873714255997597,0.24130881351319433,0.6024844720496895,0.6727272727272727,0.5573770491803278,
single,down_days5 >= 3,False,-0.0036637515786372976,-0.015042849004797187,-0.05269517998406043,-0.05592657556079117,-0.10022560636037037,-0.12671957778148202,0.6832298136645962,0.5636363636363636,0.7377049180327869,
single,atr_pct >= 3.819,False,0.18522404278080293,0.28323350138397874,-0.05577537265335452,0.44946876085821796,1.8665460517238364,-0.0898849282020121,0.40372670807453415,0.5454545454545454,0.5409836065573771,
single,macd_delta_atr >= 0.03974,False,0.057437442594208604,-0.064001103290029,0.23889227450147713,0.3725974205735987,-0.29042899436791547,0.8610885831244818,0.40372670807453415,0.43636363636363634,0.2786885245901639,
single,beta_sector >= 1.003,False,0.15846940158245107,0.07540105704495975,-0.06774395758653715,0.5830911036769215,0.06671971066624804,-0.12838126035065156,0.40372670807453415,0.4909090909090909,0.5409836065573771,
single,price_vs_ma20_pct <= -7.696,False,0.11575515605968764,-0.020117415133780903,-0.06928458716645694,0.2974563473749605,-0.24900768654073469,-0.0896528223976859,0.40372670807453415,0.34545454545454546,0.32786885245901637,
single,volume_ratio_5_60 <= 0.9058,False,0.01311157405359284,0.01207795828143976,-0.07401400719722839,-0.05373804987713071,-0.029557541259929376,-0.13218945633681434,0.5031055900621118,0.6545454545454545,0.5901639344262295,
single,sector20_pct >= -3.405,False,-0.003527363055921051,-0.08087365923657569,0.10791663029765178,0.06445922028567286,-0.5212356392206843,0.3088788940324677,0.6024844720496895,0.6181818181818182,0.5901639344262295,
single,sector != Communication Services,False,0.06538279130289845,-0.08238754240612467,0.0071071086699050975,0.3358070860405211,-0.4952503996141031,0.015450230094674722,0.8881987577639752,0.8727272727272727,0.9344262295081968,
single,gap_pct <= 0.4211,False,-0.07210031714738221,-0.047728916660170095,-0.08461444692127632,-0.27459709448298186,-0.18998414574759304,-0.20863137217544825,0.6024844720496895,0.6181818181818182,0.6065573770491803,
single,rsi <= 34.74,False,-0.016024409569372206,-0.08742328242516861,-0.02170315723440986,-0.05996751991257887,-0.6076325534846219,-0.055133837973360245,0.8012422360248447,0.7272727272727273,0.7377049180327869,
single,macd_delta_atr <= 0.02715,False,0.03255755373819222,0.14906135374315388,-0.08884752491113834,0.09234896151514338,0.8347953566697872,-0.19736638291876563,0.40372670807453415,0.36363636363636365,0.5737704918032787,
single,price_vs_ma200_pct <= 3.388,False,-0.010816250446732872,-0.0934933231039678,0.14704867903296143,-0.03719525296187465,0.17216390582388863,0.4799788980866341,0.5527950310559007,0.5272727272727272,0.5081967213114754,
single,dd60 >= -16.83,False,-0.011671126872064758,-0.09439769488303806,-0.01102161093928241,0.13491509143868363,-0.7308930003943983,-0.0834918564567898,0.40372670807453415,0.36363636363636365,0.32786885245901637,
single,price_vs_ma50_pct >= -9.533,False,0.025586569923945646,-0.09520343777431378,-0.01961390486418351,0.3708827071350951,-0.7811067465021102,-0.07665298469551796,0.5031055900621118,0.5454545454545454,0.5409836065573771,
single,beta_spy >= -0.1192,False,0.0067616346777007175,0.052959898671669225,-0.09683760005066355,0.04028242407828664,0.8947459836746612,-0.19729203339459822,0.7018633540372671,0.6545454545454545,0.6065573770491803,
single,range_pos60 <= 0.2791,False,-0.025116195716231304,-0.1001784617571767,-0.026663582889766203,-0.10035864068337674,-0.399960237622504,-0.04917477722692465,0.8012422360248447,0.7636363636363637,0.7377049180327869,
single,ret20_pct >= -12.55,False,0.05589288738331008,-0.11429158960840652,-0.09873325371955785,0.5789956488610832,-0.7776027549568134,-0.2879585380271479,0.40372670807453415,0.41818181818181815,0.45901639344262296,
single,ret10_pct <= -8.111,False,0.114446344243569,0.12505089446074336,-0.14533922202773317,0.4698548469969983,0.8364888785482498,-0.22104821860555923,0.40372670807453415,0.41818181818181815,0.3442622950819672,
single,price_vs_ma20_pct >= -6.046,False,0.0030917532060540653,-0.14829712062305805,0.1351612839813576,0.2217801515020561,-0.9063680286683573,0.5322753623353839,0.40372670807453415,0.41818181818181815,0.4098360655737705,
single,atr_pct <= 5.412,False,-0.08635881998487999,-0.1576867006931359,-0.039939885732322995,-0.25489131437704726,-0.7796122101995748,-0.12625856470038954,0.8012422360248447,0.7818181818181819,0.7868852459016393,
single,price_vs_ma200_pct >= -0.04499,False,0.00996743327890448,0.07616302402584829,-0.16048448428004042,0.03820091599349351,-0.006835000486215215,-0.2914539926606019,0.45962732919254656,0.5272727272727272,0.5081967213114754,
single,dd60_change5 <= -2.098,False,0.022996085742502614,-0.17126159542250796,-0.03871771526047863,-0.013018096858565142,-1.0981355601623861,-0.06394343825652915,0.40372670807453415,0.3090909090909091,0.29508196721311475,
single,sector20_pct <= -2.425,False,0.017842014531851608,0.08453896282443368,-0.17628872721009695,0.0049723979082898495,0.4097381504216142,-0.3202088547313081,0.5031055900621118,0.4909090909090909,0.45901639344262296,
single,sector_minus_spy20_pct <= 0.763,False,0.006683434578816677,-0.04448115342636649,-0.17859473195983558,-0.03292840491167448,-0.3182675761092746,-0.3493210667272014,0.7018633540372671,0.7090909090909091,0.6557377049180327,
single,ret5_pct <= -2.857,False,0.08673068903921663,-0.18329347772871482,0.032316652211297786,0.19228192407181544,-1.1812226896206468,0.08590239537692324,0.40372670807453415,0.2909090909090909,0.39344262295081966,
single,beta_spy <= 0.469,False,0.16352962754470726,-0.19069131365159664,0.041113346986043624,1.104632705001667,-1.2232291395663153,0.10386422026223296,0.6024844720496895,0.6,0.639344262295082,
single,rsi_change5 <= 1.498,False,0.08903211294052463,-0.019024673276196724,-0.21623135520577552,0.2768620774850452,-0.5754656216252556,-0.36568622681582785,0.5031055900621118,0.509090909090909,0.5081967213114754,
single,vol20_ann_pct <= 41.12,False,-0.028677222360649512,-0.26491996178449123,-0.05973579361350425,0.0633685649390443,-1.3079768888650578,-0.1701935700050894,0.6024844720496895,0.5454545454545454,0.5901639344262295,
interaction,(vol20_ann_pct >= 32.22) AND (range_pos60 >= 0.08807),True,0.15068537713713717,0.2658717414386037,0.07478737106270096,0.6154742790995809,2.089482126209716,0.18879544941990367,0.3416149068322981,0.45454545454545453,0.3442622950819672,
interaction,(atr_pct >= 3.819) AND (vol20_ann_pct >= 32.22),False,0.16678862822291304,0.28521055805144013,-0.11797167892631771,0.3602808256480523,1.5026926990386809,-0.1849814648471526,0.391304347826087,0.4909090909090909,0.45901639344262296,
