feature,value,n,win_rate,avg_r,median_r,profit_factor,p10_r,hard_loss_rate,gap_loss_rate
sector,Communication Services,29,55.172413793103445,0.028135837002725938,0.25421054983497504,1.0640335117081459,-1.0241010415633578,34.48275862068966,10.344827586206897
sector,Consumer Discretionary,42,69.04761904761905,0.13959440791646113,0.34376272608463987,1.4603830232952444,-1.0200000000000005,19.047619047619047,7.142857142857142
sector,Consumer Staples,16,68.75,0.06711576036560259,0.2683594347255962,1.2791521991563255,-1.020000000000001,18.75,6.25
sector,Energy,11,81.81818181818183,0.37801490921081987,0.532912926664118,4.148348210223661,-0.30074463295265974,9.090909090909092,0.0
sector,Financials,12,75.0,0.28798936406443837,0.5524402900940055,3.106915678554254,-0.4313090569048486,8.333333333333332,0.0
sector,Health Care,28,75.0,0.14479455650835235,0.3141165280664816,1.5291208866679555,-1.0199999999999996,14.285714285714285,3.571428571428571
sector,Industrials,29,55.172413793103445,-0.06889622108001285,0.18496012559943786,0.8015054681877967,-1.0200000000000014,27.586206896551722,6.896551724137931
sector,Information Technology,74,71.62162162162163,0.46907410477533895,0.670897821615059,2.675298020502148,-1.0200000000000014,21.62162162162162,4.054054054054054
sector,Materials,33,57.57575757575758,0.07783414997705006,0.39620945423838805,1.2020469244525562,-1.020000000000002,33.33333333333333,3.0303030303030303
entry_weekday,Friday,41,70.73170731707317,0.07447824716937153,0.2691113993397262,1.2284888315176035,-1.020000000000001,14.634146341463413,7.317073170731707
entry_weekday,Monday,53,69.81132075471697,0.34295965393692535,0.3513107424148099,2.4778644010766997,-1.02,18.867924528301888,1.8867924528301887
entry_weekday,Thursday,56,62.5,0.14989308880115176,0.3811621535474383,1.442294734548236,-1.020000000000002,26.785714285714285,7.142857142857142
entry_weekday,Tuesday,73,72.6027397260274,0.32779872150046296,0.5726604930887328,2.358267530486947,-1.020000000000001,16.43835616438356,4.10958904109589
entry_weekday,Wednesday,54,57.407407407407405,0.026359720136482027,0.2701269449618729,1.0667784613065867,-1.020000000000002,35.18518518518518,5.555555555555555
entry_month,1,15,73.33333333333333,0.23119233031339004,0.6137153980116605,1.8972834725286882,-1.124051691527127,20.0,13.333333333333334
entry_month,3,25,68.0,0.17559820073969504,0.4209083631268133,1.5711524327492061,-1.020000000000001,28.000000000000004,4.0
entry_month,4,33,54.54545454545454,0.06902322590160433,0.12542141826857045,1.147361478753385,-1.0364041662534234,30.303030303030305,12.121212121212121
entry_month,5,29,72.41379310344827,0.18398250085520956,0.33581478445866286,1.9462748694301029,-0.812592224957185,10.344827586206897,3.4482758620689653
entry_month,6,13,53.84615384615385,-0.3464013165423087,0.011063270037878003,0.31343918743317734,-1.020000000000002,46.15384615384615,7.6923076923076925
entry_month,7,23,52.17391304347826,-0.017991528371334407,0.3527761250069355,0.9630134753874308,-1.0200000000000016,43.47826086956522,8.695652173913043
entry_month,8,39,66.66666666666666,0.24909639326127397,0.2829030911943553,2.0268842246567624,-1.0200000000000016,15.384615384615385,2.564102564102564
entry_month,9,29,55.172413793103445,0.08135761504496679,0.25421054983497504,1.2680848648737284,-1.0200000000000005,20.689655172413794,0.0
entry_month,10,25,72.0,0.13277732606798276,0.353930272690547,1.4100651427605655,-1.0200000000000007,20.0,4.0
entry_month,11,23,86.95652173913044,0.8441841460229248,0.7583705045246979,7.345174953767078,-0.7894987537431265,13.043478260869565,0.0
entry_month,12,17,76.47058823529412,0.2682555022617028,0.39688179146685865,2.2110592415526185,-1.0200000000000016,17.647058823529413,5.88235294117647
exit_reason,BE,20,100.0,0.4373029593792593,0.34918449566498944,999.0,0.2663691829133664,0.0,0.0
exit_reason,GAP_SL,14,0.0,-1.6346004522200681,-1.2713331911707706,0.0,-3.070951164573928,100.0,100.0
exit_reason,SL,48,0.0,-1.0200000000000007,-1.0200000000000007,0.0,-1.020000000000002,100.0,0.0
exit_reason,T7,59,52.54237288135594,0.10029803669669056,0.04588805267668024,1.526889555869078,-0.5708591772786018,0.0,0.0
exit_reason,TP1_BE,35,100.0,0.38815415941459164,0.3527761250069355,999.0,0.1940777530798726,0.0,0.0
exit_reason,TP2,92,100.0,1.0593647260703458,0.8720363671523215,999.0,0.6138000504453818,0.0,0.0
