feature,bucket,n,win_rate,avg_r,median_r,profit_factor,p10_r,hard_loss_rate,gap_loss_rate
rsi,"(6.4159999999999995, 19.661]",56,73.21428571428571,0.32605863698196147,0.3927501076397081,2.742020603590553,-1.0199999999999991,12.5,0.0
rsi,"(19.661, 24.877]",55,56.36363636363636,-0.06649031340082551,0.19352971767856034,0.8483010387257784,-1.0200000000000018,25.454545454545453,7.2727272727272725
rsi,"(24.877, 30.03]",55,65.45454545454545,0.16424948068414294,0.3325880328677087,1.5405081474645228,-1.0200000000000011,27.27272727272727,0.0
rsi,"(30.03, 35.087]",55,70.9090909090909,0.31621311919872314,0.37370824735208885,2.157944055725659,-1.0200000000000018,21.818181818181817,5.454545454545454
rsi,"(35.087, 39.96]",56,67.85714285714286,0.24909705371813182,0.44611554811141063,1.8084752424714539,-1.0495352284244142,25.0,12.5
dd60,"(-69.703, -26.883]",56,67.85714285714286,0.516243857719597,0.6620134333551299,2.6446338799103257,-1.0200000000000018,26.785714285714285,7.142857142857142
dd60,"(-26.883, -21.294]",55,61.81818181818181,0.12482426614880394,0.3470582489151689,1.3615467284443967,-1.0200000000000011,23.636363636363637,3.6363636363636362
dd60,"(-21.294, -17.054]",55,60.0,-0.02759194147347342,0.25421054983497504,0.9244072035573581,-1.0200000000000014,30.909090909090907,3.6363636363636362
dd60,"(-17.054, -14.209]",55,78.18181818181819,0.21172745198641862,0.31145945383607604,1.771676830681496,-1.0200000000000018,18.181818181818183,9.090909090909092
dd60,"(-14.209, -12.037]",56,66.07142857142857,0.1620491194111396,0.3435629329565657,1.7662945668438912,-1.0199999999999991,12.5,1.7857142857142856
spy20,"(-10.424999999999999, -3.476]",56,82.14285714285714,0.437110324389443,0.4279491659470974,3.7929559331274505,-1.02,12.5,3.571428571428571
spy20,"(-3.476, -1.809]",55,72.72727272727273,0.38564982836636663,0.6406723222017225,2.4801662342176103,-1.0200000000000002,18.181818181818183,3.6363636363636362
spy20,"(-1.809, -0.394]",55,56.36363636363636,-0.05858552255688919,0.3358151234983215,0.8784473275718993,-1.020000000000002,36.36363636363637,9.090909090909092
spy20,"(-0.394, 0.304]",55,49.09090909090909,-0.04707020691856865,-0.13122833358438002,0.8872078154477634,-1.0200000000000016,32.72727272727273,5.454545454545454
spy20,"(0.304, 0.985]",56,73.21428571428571,0.26963108626622617,0.3321431930045653,2.3701932557259444,-1.0200000000000005,12.5,3.571428571428571
abnormal20,"(-67.634, -19.33]",56,53.57142857142857,0.1412884504581686,0.40889648961776714,1.2900351249706192,-1.0302526039083904,41.07142857142857,10.714285714285714
abnormal20,"(-19.33, -16.207]",55,63.63636363636363,0.11815427093465827,0.3513107424148099,1.3582583445688403,-1.0200000000000016,21.818181818181817,5.454545454545454
abnormal20,"(-16.207, -13.402]",55,72.72727272727273,0.33024012291784066,0.4596387907946835,2.404792234171039,-1.020000000000001,20.0,3.6363636363636362
abnormal20,"(-13.402, -11.299]",55,63.63636363636363,0.12825926323785472,0.31145945383607604,1.4162398476521405,-1.0200000000000005,18.181818181818183,3.6363636363636362
abnormal20,"(-11.299, -10.024]",56,80.35714285714286,0.27409089410876,0.3493220032052858,2.8539448103995424,-0.7912443898376493,10.714285714285714,1.7857142857142856
atr_pct,"(1.6190000000000002, 2.739]",56,66.07142857142857,-0.007928797666025524,0.22534305193565812,0.972634804695572,-1.0200000000000005,17.857142857142858,5.357142857142857
atr_pct,"(2.739, 3.415]",55,67.27272727272727,0.041249670471069144,0.2821806555826655,1.1388891934824907,-1.0200000000000018,18.181818181818183,3.6363636363636362
atr_pct,"(3.415, 4.08]",55,74.54545454545455,0.2502939185571919,0.35493741930157097,2.118451900874493,-1.0200000000000005,18.181818181818183,1.8181818181818181
atr_pct,"(4.08, 5.427]",55,63.63636363636363,0.15971712296380347,0.41939060193655187,1.5093436266354434,-1.0200000000000016,23.636363636363637,3.6363636363636362
atr_pct,"(5.427, 23.32]",56,62.5,0.5464619275973452,0.789572019535149,2.425984311744675,-1.0302526039083906,33.92857142857143,10.714285714285714
gap_pct,"(-8.109, -0.693]",56,62.5,0.05460502305210169,0.3493220032052858,1.1475462673572794,-1.0200000000000016,30.357142857142854,7.142857142857142
gap_pct,"(-0.693, -0.0337]",55,63.63636363636363,0.04955124929582604,0.2516430262454593,1.136370893371244,-1.0200000000000018,20.0,3.6363636363636362
gap_pct,"(-0.0337, 0.42]",55,76.36363636363637,0.3219908148547369,0.38861822079884534,2.7168877929636666,-1.0200000000000005,14.545454545454545,3.6363636363636362
gap_pct,"(0.42, 1.06]",55,60.0,0.12711624083894943,0.25421054983497504,1.4578220915331657,-1.0200000000000007,20.0,1.8181818181818181
gap_pct,"(1.06, 17.158]",56,71.42857142857143,0.43737689947101027,0.654238191314936,2.4174323300993037,-1.0200000000000022,26.785714285714285,8.928571428571429
ret5_pct,"(-24.226000000000003, -5.065]",56,62.5,0.2707825700467815,0.5085717102059002,1.7527057252283276,-1.0200000000000018,32.142857142857146,5.357142857142857
ret5_pct,"(-5.065, -2.497]",55,65.45454545454545,0.11261683726677954,0.3560861156615309,1.3118940875826255,-1.0200000000000016,27.27272727272727,5.454545454545454
ret5_pct,"(-2.497, -1.05]",55,67.27272727272727,0.14875127352652007,0.31145945383607604,1.526126771987331,-1.020000000000001,20.0,5.454545454545454
ret5_pct,"(-1.05, 1.042]",55,65.45454545454545,0.13364824207919573,0.23991280634420556,1.5191470304384416,-1.0200000000000002,16.363636363636363,1.8181818181818181
ret5_pct,"(1.042, 9.682]",56,73.21428571428571,0.32299055544840083,0.39654572435947943,2.3048927999038678,-1.020000000000001,16.071428571428573,7.142857142857142
ret10_pct,"(-29.292, -11.049]",56,64.28571428571429,0.33784266230253834,0.4865499210064457,1.9773041245267151,-1.0200000000000014,30.357142857142854,3.571428571428571
ret10_pct,"(-11.049, -8.069]",55,67.27272727272727,0.1858113319881458,0.4349873471392315,1.6383562261256828,-1.020000000000001,23.636363636363637,0.0
ret10_pct,"(-8.069, -5.508]",55,72.72727272727273,0.1928118092402625,0.3103561133185836,1.7325964190610914,-1.0200000000000011,20.0,7.2727272727272725
ret10_pct,"(-5.508, -2.898]",55,70.9090909090909,0.0705541048545353,0.2886108636782865,1.2573775094599053,-1.0200000000000016,16.363636363636363,9.090909090909092
ret10_pct,"(-2.898, 15.806]",56,58.92857142857143,0.20273672878952503,0.4069515820068702,1.6085892122879915,-1.020000000000002,21.428571428571427,5.357142857142857
ret20_pct,"(-60.687, -20.088]",56,64.28571428571429,0.4153695172135747,0.6602147803458043,2.3185848953670356,-1.020000000000001,26.785714285714285,5.357142857142857
ret20_pct,"(-20.088, -15.452]",55,63.63636363636363,0.11158826474061934,0.2516430262454593,1.3351127656160944,-1.0200000000000007,29.09090909090909,3.6363636363636362
ret20_pct,"(-15.452, -12.474]",55,69.0909090909091,0.06595367303433576,0.31145945383607604,1.179014274354405,-1.0200000000000016,18.181818181818183,7.2727272727272725
ret20_pct,"(-12.474, -10.744]",55,61.81818181818181,0.04213588954755552,0.19490000176638447,1.1334960578888171,-1.0200000000000018,23.636363636363637,5.454545454545454
ret20_pct,"(-10.744, -0.311]",56,75.0,0.3506110887324855,0.45674016818464125,2.964013400858168,-1.0200000000000007,14.285714285714285,3.571428571428571
volume_ratio_5_60,"(0.346, 0.738]",56,66.07142857142857,0.19235280433209567,0.3761477849499595,1.5811426709094698,-1.0200000000000018,25.0,5.357142857142857
volume_ratio_5_60,"(0.738, 0.839]",55,60.0,0.033096543730957,0.25454444876671845,1.0797950428236607,-1.104719661580408,27.27272727272727,10.909090909090908
volume_ratio_5_60,"(0.839, 0.92]",55,70.9090909090909,0.3925013626083128,0.4575581975691092,2.3484038924472634,-1.0200000000000011,21.818181818181817,1.8181818181818181
volume_ratio_5_60,"(0.92, 0.965]",55,69.0909090909091,0.1898390641711662,0.3527761250069355,1.9324627196256943,-1.0200000000000002,14.545454545454545,1.8181818181818181
volume_ratio_5_60,"(0.965, 1.0]",56,67.85714285714286,0.18493578598296628,0.3230856184084525,1.689490545858869,-1.020000000000001,23.214285714285715,5.357142857142857
macd_delta_atr,"(-0.0009116, 0.0123]",56,71.42857142857143,0.24946795788582218,0.46729491358858166,1.905261279348957,-1.0200000000000007,21.428571428571427,5.357142857142857
macd_delta_atr,"(0.0123, 0.0251]",55,56.36363636363636,0.09492682903216079,0.20211380523777264,1.241218205209896,-1.0200000000000022,32.72727272727273,9.090909090909092
macd_delta_atr,"(0.0251, 0.039]",55,67.27272727272727,0.1444368464348862,0.41939060193655187,1.439517989455784,-1.020000000000002,23.636363636363637,7.2727272727272725
macd_delta_atr,"(0.039, 0.0576]",55,65.45454545454545,0.20254682216629502,0.3103561133185836,1.5709745302896816,-1.020000000000001,25.454545454545453,3.6363636363636362
macd_delta_atr,"(0.0576, 0.149]",56,73.21428571428571,0.2982484182906716,0.36826655307015527,2.8737132496702813,-0.723652533828784,8.928571428571429,0.0
price_vs_ma20_pct,"(-42.476, -10.177]",56,62.5,0.3827947470660571,0.6346957331708543,2.067511757385439,-1.0200000000000014,32.142857142857146,1.7857142857142856
price_vs_ma20_pct,"(-10.177, -7.6]",55,63.63636363636363,0.11042237351597894,0.3560861156615309,1.3089514736574939,-1.0200000000000018,29.09090909090909,7.2727272727272725
price_vs_ma20_pct,"(-7.6, -6.021]",55,63.63636363636363,0.08724575033500506,0.3103561133185836,1.2660837437984216,-1.0200000000000011,18.181818181818183,7.2727272727272725
price_vs_ma20_pct,"(-6.021, -4.452]",55,72.72727272727273,0.23919274689915032,0.3358151234983215,2.24735622646274,-1.0200000000000005,14.545454545454545,1.8181818181818181
price_vs_ma20_pct,"(-4.452, 0.132]",56,71.42857142857143,0.16988108408501557,0.34918449566498944,1.6235693575535721,-1.020000000000001,17.857142857142858,7.142857142857142
price_vs_ma50_pct,"(-53.224999999999994, -14.243]",56,58.92857142857143,0.3189789332947554,0.4925606372858117,1.8754641577734306,-1.0200000000000018,32.142857142857146,5.357142857142857
price_vs_ma50_pct,"(-14.243, -10.674]",55,69.0909090909091,0.1569947019564333,0.3560861156615309,1.4973398341955522,-1.0200000000000007,21.818181818181817,5.454545454545454
price_vs_ma50_pct,"(-10.674, -8.083]",55,69.0909090909091,0.17467194691872523,0.37370824735208885,1.5772958951356644,-1.0200000000000014,20.0,5.454545454545454
price_vs_ma50_pct,"(-8.083, -5.885]",55,70.9090909090909,0.10231325022639493,0.282903082716804,1.3920548828819068,-1.0200000000000014,18.181818181818183,5.454545454545454
price_vs_ma50_pct,"(-5.885, 8.996]",56,66.07142857142857,0.23652642358260198,0.37376009832659896,1.894046948346709,-1.020000000000001,19.642857142857142,3.571428571428571
price_vs_ma200_pct,"(-73.77600000000001, -12.873]",53,69.81132075471697,0.4122887690527288,0.5329134943415881,2.529137156689246,-1.0200000000000016,22.641509433962266,5.660377358490567
price_vs_ma200_pct,"(-12.873, -5.144]",53,67.9245283018868,0.06563773828111352,0.3103561133185836,1.218162717664489,-1.02,15.09433962264151,3.7735849056603774
price_vs_ma200_pct,"(-5.144, 5.372]",52,61.53846153846154,0.03289316963189439,0.20792943570936662,1.1189908523191787,-1.0200000000000007,19.230769230769234,3.8461538461538463
price_vs_ma200_pct,"(5.372, 16.068]",53,66.0377358490566,0.14801400498483863,0.3358151234983215,1.4755121047819337,-1.0200000000000016,26.41509433962264,3.7735849056603774
price_vs_ma200_pct,"(16.068, 99.678]",53,66.0377358490566,0.3109931876201295,0.6187509439879288,1.7927870750263166,-1.020000000000002,33.9622641509434,9.433962264150944
range_pos60,"(-0.001, 0.00889]",56,64.28571428571429,0.0601322445496081,0.23700673137693928,1.1966547036103965,-1.020000000000001,26.785714285714285,1.7857142857142856
range_pos60,"(0.00889, 0.0643]",55,65.45454545454545,0.15637056618473621,0.3560861156615309,1.4103099106740917,-1.0200000000000014,23.636363636363637,9.090909090909092
range_pos60,"(0.0643, 0.146]",55,63.63636363636363,0.18112872851703188,0.30699163523222495,1.6124115313393097,-1.020000000000002,20.0,5.454545454545454
range_pos60,"(0.146, 0.312]",55,69.0909090909091,0.18426300850386865,0.3732633219307274,1.6223221276388449,-1.0200000000000018,23.636363636363637,5.454545454545454
range_pos60,"(0.312, 0.715]",56,71.42857142857143,0.409158251154096,0.5242461287491551,2.7708024837280427,-1.020000000000001,17.857142857142858,3.571428571428571
down_days5,"(-0.001, 2.0]",91,69.23076923076923,0.25772617887377414,0.3732633219307274,1.9843397962156808,-1.02,15.384615384615385,3.296703296703297
down_days5,"(2.0, 3.0]",117,65.8119658119658,0.16746198196430634,0.2516430262454593,1.5225091742753065,-1.020000000000002,26.495726495726498,6.837606837606838
down_days5,"(3.0, 4.0]",59,64.40677966101694,0.15641511038356654,0.4640497860913423,1.4613069143713027,-1.020000000000001,25.423728813559322,5.084745762711865
down_days5,"(4.0, 5.0]",10,70.0,0.2702568755749739,0.3343945067237738,2.20329724712417,-1.02,20.0,0.0
vol20_ann_pct,"(16.18, 26.858]",56,64.28571428571429,-0.017481996636939483,0.21231361799267595,0.9430300582072718,-1.0200000000000014,25.0,5.357142857142857
vol20_ann_pct,"(26.858, 32.631]",55,76.36363636363637,0.11743428902947088,0.31145945383607604,1.4362095311732597,-1.0199999999999998,12.727272727272727,3.6363636363636362
vol20_ann_pct,"(32.631, 42.33]",55,70.9090909090909,0.22130934952816658,0.41939060193655187,1.9310175413980992,-1.0200000000000007,20.0,1.8181818181818181
vol20_ann_pct,"(42.33, 57.935]",55,60.0,0.11672738145525412,0.353930272690547,1.3520834504149462,-1.0200000000000016,23.636363636363637,3.6363636363636362
vol20_ann_pct,"(57.935, 151.172]",56,62.5,0.5518800026192326,0.789572019535149,2.5242395022510347,-1.0302526039083904,30.357142857142854,10.714285714285714
sector20_pct,"(-13.607, -5.388]",56,73.21428571428571,0.37184154036647415,0.4495185666152869,2.7032830777613293,-1.02,17.857142857142858,3.571428571428571
sector20_pct,"(-5.388, -3.395]",55,58.18181818181818,0.010992701564039134,0.282903082716804,1.0237580004832243,-1.0200000000000025,30.909090909090907,9.090909090909092
sector20_pct,"(-3.395, -1.54]",55,69.0909090909091,0.2017790199219571,0.3560861156615309,1.73990471251662,-1.0200000000000007,23.636363636363637,1.8181818181818181
sector20_pct,"(-1.54, 0.687]",55,60.0,0.10128115221573618,0.3470582489151689,1.279563013851436,-1.020000000000002,23.636363636363637,9.090909090909092
sector20_pct,"(0.687, 12.111]",56,73.21428571428571,0.3014492878857075,0.3526205075526785,2.537844943128783,-1.0200000000000005,16.071428571428573,1.7857142857142856
sector_minus_spy20_pct,"(-9.075, -3.503]",56,64.28571428571429,0.09188552992547187,0.34376272608463987,1.256121165046028,-1.0200000000000018,26.785714285714285,5.357142857142857
sector_minus_spy20_pct,"(-3.503, -1.609]",55,58.18181818181818,0.027523975212513273,0.22703388309790462,1.06228902098284,-1.020000000000002,32.72727272727273,7.2727272727272725
sector_minus_spy20_pct,"(-1.609, -0.176]",55,65.45454545454545,0.3371054163943513,0.4939499850941502,2.3323968428481248,-1.0200000000000007,16.363636363636363,5.454545454545454
sector_minus_spy20_pct,"(-0.176, 1.582]",55,67.27272727272727,0.22667446692632687,0.3470582489151689,1.8577513362590008,-1.0200000000000018,21.818181818181817,3.6363636363636362
sector_minus_spy20_pct,"(1.582, 11.95]",56,78.57142857142857,0.3091052239386696,0.36826655307015527,2.6129692233467656,-1.02,14.285714285714285,3.571428571428571
beta_spy,"(-6.056, -0.305]",56,69.64285714285714,0.33968159203376513,0.535676590619794,2.271840516907381,-1.0200000000000014,21.428571428571427,5.357142857142857
beta_spy,"(-0.305, 0.0541]",55,67.27272727272727,0.077250917186215,0.31145945383607604,1.2441738416590316,-1.020000000000001,21.818181818181817,5.454545454545454
beta_spy,"(0.0541, 0.458]",55,72.72727272727273,0.36953944110188963,0.39620945423838805,2.797914996520952,-1.0200000000000007,14.545454545454545,1.8181818181818181
beta_spy,"(0.458, 0.912]",55,60.0,-0.020013027815044583,0.23991280634420556,0.9446823621790622,-1.0200000000000011,27.27272727272727,5.454545454545454
beta_spy,"(0.912, 3.718]",56,64.28571428571429,0.22289771617514825,0.3953928633508699,1.6236314538961638,-1.0200000000000022,26.785714285714285,7.142857142857142
beta_sector,"(-1.0459999999999998, 0.49]",56,64.28571428571429,0.1261184524669449,0.35500819417603896,1.4160208497272868,-1.0200000000000005,17.857142857142858,5.357142857142857
beta_sector,"(0.49, 0.855]",55,69.0909090909091,0.11767543980025134,0.2821806555826655,1.4682987449713,-1.0200000000000005,18.181818181818183,3.6363636363636362
beta_sector,"(0.855, 1.066]",55,67.27272727272727,0.19124190740278577,0.3513107424148099,1.62342500036604,-1.020000000000002,20.0,7.2727272727272725
beta_sector,"(1.066, 1.385]",55,70.9090909090909,0.16435905213419277,0.3632697842095831,1.552996728535566,-1.0200000000000014,25.454545454545453,3.6363636363636362
beta_sector,"(1.385, 6.211]",56,62.5,0.3907921273932303,0.6112239249186836,2.118863758428829,-1.0200000000000018,30.357142857142854,5.357142857142857
rsi_change5,"(-30.034000000000002, -7.868]",56,64.28571428571429,0.11750586192834647,0.29282389129420416,1.3240658974195596,-1.0200000000000014,25.0,5.357142857142857
rsi_change5,"(-7.868, -2.036]",55,56.36363636363636,0.1786667770496576,0.3325880328677087,1.4594858566911282,-1.0200000000000022,34.54545454545455,5.454545454545454
rsi_change5,"(-2.036, 3.709]",55,76.36363636363637,0.26397708828389066,0.4911712894774731,1.917768154481014,-1.020000000000001,18.181818181818183,7.2727272727272725
rsi_change5,"(3.709, 8.681]",55,58.18181818181818,0.1825956266602119,0.22095886965234876,1.6545389960629588,-1.0200000000000005,18.181818181818183,3.6363636363636362
rsi_change5,"(8.681, 26.68]",56,78.57142857142857,0.2501552519298794,0.34143668620674517,2.3067021048424854,-1.02,16.071428571428573,3.571428571428571
dd60_change5,"(-18.05, -4.036]",56,62.5,0.2387248367849862,0.5280534648296191,1.6635934926358564,-1.0200000000000018,32.142857142857146,5.357142857142857
dd60_change5,"(-4.036, -1.654]",55,61.81818181818181,0.05297806740116301,0.22972723421896746,1.1431157425003329,-1.0200000000000022,27.27272727272727,9.090909090909092
dd60_change5,"(-1.654, -0.442]",55,67.27272727272727,0.2104728239457304,0.3325880328677087,1.735302984720831,-1.020000000000001,20.0,1.8181818181818181
dd60_change5,"(-0.442, 1.382]",55,65.45454545454545,0.08685441221645472,0.25454444876671845,1.2859551348475402,-1.0200000000000002,18.181818181818183,3.6363636363636362
dd60_change5,"(1.382, 11.895]",56,76.78571428571429,0.3989609264245371,0.4473130689669575,3.1034996393897583,-1.02,14.285714285714285,5.357142857142857
fund_score,"(6.518999999999999, 6.74]",61,68.85245901639344,0.13655380337992498,0.353930272690547,1.461379784421022,-1.0200000000000014,21.311475409836063,4.918032786885246
fund_score,"(6.74, 6.86]",52,71.15384615384616,0.34564235255388187,0.45859849418189635,2.6912504589867883,-1.0200000000000002,15.384615384615385,3.8461538461538463
fund_score,"(6.86, 7.136]",53,56.60377358490566,0.17936808582065544,0.31145945383607604,1.4412903657206049,-1.0200000000000018,26.41509433962264,3.7735849056603774
fund_score,"(7.136, 7.478]",55,74.54545454545455,0.19441881804752958,0.35158575749540266,1.7299864103884084,-1.0200000000000016,21.818181818181817,5.454545454545454
fund_score,"(7.478, 8.88]",56,62.5,0.15132975992198758,0.285395759630476,1.4531040156078125,-1.0200000000000014,26.785714285714285,7.142857142857142
