scope,config,signals_after_gate,episodes,keep_rate_vs_base_episodes,avg_r,win_rate,profit_factor,hard_loss_rate,gap_loss_rate,delta_avg_r,delta_win_rate,delta_profit_factor,delta_hard_loss_rate,delta_gap_loss_rate,portfolio_trades,portfolio_return_pct,portfolio_cagr_pct,portfolio_mdd_pct,portfolio_calmar,portfolio_sharpe,delta_total_return_pct,delta_cagr_pct,delta_mdd_pct,delta_calmar,delta_sharpe,delta_trades
GLOBAL_8Y,BASE,1028,506,1.0,0.1247157194757983,62.450592885375485,1.3654730312036754,27.865612648221344,4.150197628458498,0.0,0.0,0.0,0.0,0.0,362,139.167,11.405,-16.779,0.6797,1.0151,0.0,0.0,0.0,0.0,0.0,0.0
GLOBAL_8Y,A,572,328,0.6482213438735178,0.1843853323241128,64.63414634146342,1.5921436607854398,25.609756097560975,3.6585365853658534,0.0596696128483145,2.1835534560879353,0.22667062958176443,-2.2558565506603685,-0.4916610430926447,265,147.568,11.882,-8.966,1.3252,1.2639,8.40100000000001,0.4770000000000003,7.813000000000001,0.6455,0.24880000000000013,-97.0
GLOBAL_8Y,B,648,392,0.7747035573122529,0.20918890135428245,66.07142857142857,1.7102908189135961,25.0,2.806122448979592,0.08447318187848414,3.620835686053084,0.3448177877099208,-2.8656126482213438,-1.344075179478906,300,142.952,11.622,-14.677,0.7918,1.1522,3.7849999999999966,0.21700000000000053,2.1020000000000003,0.11209999999999998,0.1371,-62.0
GLOBAL_8Y,C,538,323,0.6383399209486166,0.19733683875255278,66.25386996904025,1.687325818096385,24.76780185758514,3.0959752321981426,0.07262111927675448,3.803277083664767,0.3218527868927097,-3.0978107906362027,-1.0542223962603554,255,124.882,10.558,-10.031,1.0525,1.1765,-14.284999999999997,-0.8469999999999995,6.747999999999999,0.3728,0.1614000000000002,-107.0
GLOBAL_8Y,AB,355,237,0.4683794466403162,0.2684565696296011,67.9324894514768,1.991939745706536,21.940928270042196,2.5316455696202533,0.14374085015380283,5.481896566101312,0.6264667145028606,-5.924684378179148,-1.6185520588382447,207,133.411,11.069,-9.471,1.1687,1.3927,-5.756,-0.3359999999999985,7.308,0.4890000000000001,0.37760000000000016,-155.0
GLOBAL_8Y,AC,279,201,0.39723320158102765,0.19466526713890822,66.66666666666666,1.6582501662464697,25.37313432835821,2.9850746268656714,0.06994954766310992,4.216073781291172,0.29277713504279435,-2.4924783198631353,-1.1651230015928267,175,77.28,7.349,-6.788,1.0827,1.0149,-61.887,-4.055999999999999,9.991,0.403,-0.00019999999999997797,-187.0
GLOBAL_8Y,BC,334,239,0.4723320158102767,0.22932206176842104,66.94560669456067,1.831039747363878,23.84937238493724,2.510460251046025,0.10460634229262274,4.495013809185181,0.4655667161602026,-4.016240263284104,-1.639737377412473,205,112.979,9.816,-7.651,1.2831,1.2581,-26.188000000000002,-1.5889999999999986,9.128,0.6033999999999999,0.2430000000000001,-157.0
GLOBAL_8Y,ABC,172,137,0.2707509881422925,0.27502544511140425,67.88321167883211,2.0481038522151116,21.897810218978105,2.18978102189781,0.15030972563560596,5.432618793456626,0.6826308210114362,-5.967802429243239,-1.9604166065606878,126,63.183,6.253,-8.256,0.7573,1.108,-75.98400000000001,-5.151999999999999,8.523,0.0776,0.0929000000000002,-236.0
BACKWARD_HOLDOUT,BASE,354,183,1.0,0.046032848192547125,57.377049180327866,1.1180449385519726,34.97267759562842,3.278688524590164,0.0,0.0,0.0,0.0,0.0,143,27.404,7.52,-11.766,0.6391,0.6828,0.0,0.0,0.0,0.0,0.0,0.0
BACKWARD_HOLDOUT,A,219,127,0.6939890710382514,0.055150040472274814,59.055118110236215,1.1429381696042442,33.07086614173229,3.937007874015748,0.009117192279727689,1.678068929908349,0.02489323105227159,-1.90181145389613,0.6583193494255841,104,25.609,7.064,-8.966,0.7879,0.7767,-1.7949999999999982,-0.4559999999999995,2.8000000000000007,0.14880000000000004,0.09389999999999998,-39.0
BACKWARD_HOLDOUT,B,211,140,0.7650273224043715,0.11980663312969553,61.42857142857143,1.3443562075000137,31.428571428571427,2.142857142857143,0.0737737849371484,4.051522248243565,0.2263112689480411,-3.5441061670569916,-1.1358313817330212,118,26.73,7.35,-9.62,0.764,0.7827,-0.6739999999999995,-0.16999999999999993,2.146000000000001,0.12490000000000001,0.09989999999999999,-25.0
BACKWARD_HOLDOUT,C,203,126,0.6885245901639344,0.107477658904307,61.111111111111114,1.2948696189710331,32.53968253968254,4.761904761904762,0.06144481071175987,3.7340619307832483,0.17682468041906052,-2.432995055945881,1.4832162373145978,100,20.585,5.764,-7.583,0.7601,0.6254,-6.818999999999999,-1.7559999999999993,4.183,0.121,-0.05740000000000001,-43.0
BACKWARD_HOLDOUT,AB,132,92,0.5027322404371585,0.09049411617076351,60.86956521739131,1.2549936150828687,31.521739130434785,2.1739130434782608,0.04446126797821639,3.492516037063446,0.13694867653089604,-3.4509384651936337,-1.1047754811119033,83,22.794,6.341,-7.351,0.8625,0.8984,-4.609999999999999,-1.1789999999999994,4.415,0.22340000000000004,0.2156,-60.0
BACKWARD_HOLDOUT,AC,124,87,0.47540983606557374,0.05280663856623183,59.77011494252874,1.1283151642171492,35.63218390804598,5.747126436781609,0.006773790373684703,2.3930657622008766,0.010270225665176547,0.6595063124175624,2.468437912191445,78,11.831,3.404,-6.788,0.5015,0.4429,-15.573,-4.116,4.978,-0.13760000000000006,-0.23989999999999995,-65.0
BACKWARD_HOLDOUT,BC,127,96,0.5245901639344263,0.16968042305619865,64.58333333333334,1.5182449102333007,29.166666666666668,3.125,0.12364757486365152,7.206284153005477,0.40019997168132804,-5.806010928961751,-0.15368852459016402,85,18.001,5.08,-7.262,0.6996,0.6697,-9.402999999999999,-2.4399999999999995,4.5040000000000004,0.0605,-0.0131,-58.0
BACKWARD_HOLDOUT,ABC,80,64,0.34972677595628415,0.11798900526190563,60.9375,1.3179248491647428,32.8125,3.125,0.07195615706935851,3.560450819672134,0.19987991061277022,-2.1601775956284186,-0.15368852459016402,60,8.261,2.405,-8.256,0.2913,0.4162,-19.143,-5.115,3.51,-0.3478,-0.26659999999999995,-83.0
DISCOVERY_ERA_2022_2026,BASE,674,323,1.0,0.171442546325787,65.3250773993808,1.5489274004304363,23.52941176470588,4.643962848297214,0.0,0.0,0.0,0.0,0.0,220,77.387,15.14,-16.37,0.9248,1.256,0.0,0.0,0.0,0.0,0.0,0.0
DISCOVERY_ERA_2022_2026,A,353,201,0.6222910216718266,0.26546872871079086,68.1592039800995,1.9970665940432524,20.8955223880597,3.482587064676617,0.09402618238500385,2.834126580718703,0.44813919361281607,-2.633889376646181,-1.161375783620597,162,99.389,18.499,-7.358,2.5141,1.78,22.001999999999995,3.358999999999998,9.012,1.5893000000000002,0.524,-58.0
DISCOVERY_ERA_2022_2026,B,437,252,0.7801857585139319,0.25863638548233964,68.65079365079364,1.9828098251619757,21.03174603174603,3.1746031746031744,0.08719383915655263,3.3257162514128424,0.4338824247315394,-2.497665732959849,-1.4693596736940395,184,97.614,18.239,-11.748,1.5525,1.5816,20.227000000000004,3.099,4.622000000000002,0.6277,0.3255999999999999,-36.0
DISCOVERY_ERA_2022_2026,C,335,197,0.6099071207430341,0.25726960407897037,69.54314720812182,2.092683985395551,19.289340101522843,2.030456852791878,0.08582705775318336,4.218069808741021,0.5437565849651147,-4.240071663183038,-2.613505995505336,154,88.03,16.802,-5.409,3.1065,1.8027,10.643,1.661999999999999,10.961000000000002,2.1817,0.5467,-66.0
DISCOVERY_ERA_2022_2026,AB,223,145,0.44891640866873067,0.37706705162578386,71.72413793103448,2.725728246512853,15.862068965517242,2.7586206896551726,0.20562450529999685,6.399060531653674,1.1768008460824166,-7.6673427991886385,-1.8853421586420414,124,91.569,17.338,-9.491,1.8268,1.8657,14.182000000000002,2.1980000000000004,6.879000000000001,0.902,0.6096999999999999,-96.0
DISCOVERY_ERA_2022_2026,AC,155,114,0.35294117647058826,0.30008000200799234,71.9298245614035,2.4241753721992243,17.543859649122805,0.8771929824561403,0.12863745568220533,6.604747162022704,0.875247971768788,-5.985552115583076,-3.7667698658410735,98,60.627,12.363,-6.663,1.8556,1.7343,-16.759999999999998,-2.777000000000001,9.707,0.9308,0.47829999999999995,-122.0
DISCOVERY_ERA_2022_2026,BC,207,143,0.44272445820433437,0.273431962057275,68.53146853146853,2.146809552159401,19.58041958041958,2.097902097902098,0.10198941573148798,3.206391132087731,0.5978821517289648,-3.9489921842863005,-2.546060750395116,121,79.557,15.484,-6.021,2.5719,1.8165,2.1700000000000017,0.3439999999999994,10.349,1.6471,0.5605,-99.0
DISCOVERY_ERA_2022_2026,ABC,92,73,0.2260061919504644,0.413546414049451,73.97260273972603,3.455646283021989,12.32876712328767,1.36986301369863,0.24210386772366402,8.647525340345226,1.9067188825915529,-11.20064464141821,-3.2740998345985837,66,51.332,10.727,-7.473,1.4354,1.8455,-26.055,-4.413,8.897000000000002,0.5106,0.5894999999999999,-154.0
