scope,config,signals_after_gate,episodes,keep_rate_vs_base_episodes,avg_r,win_rate,profit_factor,hard_loss_rate,gap_loss_rate,delta_avg_r,delta_win_rate,delta_profit_factor,delta_hard_loss_rate,delta_gap_loss_rate,portfolio_trades,portfolio_return_pct,portfolio_cagr_pct,portfolio_mdd_pct,portfolio_calmar,portfolio_sharpe,delta_total_return_pct,delta_cagr_pct,delta_mdd_pct,delta_calmar,delta_sharpe,delta_trades,window_start,window_end
ROLLING_2019-07_2020-06,BASE,40,24,1.0,0.47599975572809744,83.33333333333334,4.188653679619939,12.5,0.0,0.0,0.0,0.0,0.0,0.0,22,16.921,16.933,-6.553,2.5839,1.509,0.0,0.0,0.0,0.0,0.0,0.0,2019-07-01,2020-06-30
ROLLING_2019-07_2020-06,A,31,20,0.8333333333333334,0.47421298606846324,80.0,3.6472369729087863,15.0,0.0,-0.001786769659634202,-3.333333333333343,-0.541416706711153,2.5,0.0,18,13.017,13.026,-6.538,1.9924,1.2389,-3.904,-3.907,0.01499999999999968,-0.5914999999999999,-0.2701,-4.0,2019-07-01,2020-06-30
ROLLING_2019-07_2020-06,B,28,17,0.7083333333333334,0.46071482570920547,82.35294117647058,3.5595268094955825,17.647058823529413,0.0,-0.015284930018891973,-0.9803921568627629,-0.6291268701243569,5.147058823529413,0.0,15,10.52,10.527,-4.849,2.1711,1.5233,-6.401,-6.406000000000001,1.7039999999999997,-0.41279999999999983,0.014300000000000201,-7.0,2019-07-01,2020-06-30
ROLLING_2019-07_2020-06,C,23,17,0.7083333333333334,0.5536621832375516,88.23529411764706,5.613851526979592,11.76470588235294,0.0,0.07766242750945412,4.901960784313715,1.4251978473596525,-0.7352941176470598,0.0,17,15.626,15.637,-6.525,2.3966,1.4938,-1.295,-1.2959999999999994,0.02799999999999958,-0.18730000000000002,-0.01519999999999988,-5.0,2019-07-01,2020-06-30
ROLLING_2019-07_2020-06,AB,20,12,0.5,0.41284682165227893,75.0,2.619007143734425,25.0,0.0,-0.06315293407581851,-8.333333333333343,-1.5696465358855143,12.5,0.0,12,7.476,7.481,-4.789,1.562,1.2187,-9.445,-9.452,1.7640000000000002,-1.0218999999999998,-0.2903,-10.0,2019-07-01,2020-06-30
ROLLING_2019-07_2020-06,AC,17,14,0.5833333333333334,0.582613520142085,85.71428571428571,4.998328079406459,14.285714285714285,0.0,0.10661376441398757,2.3809523809523654,0.8096743997865197,1.7857142857142847,0.0,14,12.814,12.824,-6.544,1.9594,1.2993,-4.106999999999999,-4.109,0.009000000000000341,-0.6244999999999998,-0.2097,-8.0,2019-07-01,2020-06-30
ROLLING_2019-07_2020-06,BC,15,12,0.5,0.4932083225302459,83.33333333333334,3.901225426648501,16.666666666666664,0.0,0.01720856680214844,0.0,-0.28742825297143826,4.166666666666664,0.0,12,8.958,8.964,-4.831,1.8558,1.4857,-7.962999999999999,-7.968999999999999,1.7219999999999995,-0.7281,-0.023299999999999876,-10.0,2019-07-01,2020-06-30
ROLLING_2019-07_2020-06,ABC,10,8,0.3333333333333333,0.465572034523711,75.0,2.8257726844067075,25.0,0.0,-0.010427721204386453,-8.333333333333343,-1.362880995213232,12.5,0.0,8,5.558,5.562,-4.79,1.1613,1.1052,-11.363,-11.370999999999999,1.763,-1.4225999999999999,-0.40379999999999994,-14.0,2019-07-01,2020-06-30
ROLLING_2020-01_2020-12,BASE,58,34,1.0,0.09584738282669804,55.88235294117647,1.2237777290103984,41.17647058823529,0.0,0.0,0.0,0.0,0.0,0.0,26,13.129,13.177,-6.533,2.0172,1.2337,0.0,0.0,0.0,0.0,0.0,0.0,2020-01-01,2020-12-31
ROLLING_2020-01_2020-12,A,45,30,0.8823529411764706,0.016730392828467267,53.333333333333336,1.0370613891209062,43.333333333333336,0.0,-0.07911698999823077,-2.5490196078431353,-0.1867163398894922,2.1568627450980458,0.0,22,8.649,8.68,-6.535,1.3282,0.893,-4.48,-4.497,-0.0019999999999997797,-0.6889999999999998,-0.3407,-4.0,2020-01-01,2020-12-31
ROLLING_2020-01_2020-12,B,36,27,0.7941176470588235,0.07380559501552629,55.55555555555556,1.1732418197073284,40.74074074074074,0.0,-0.022041787811171748,-0.32679738562091387,-0.05053590930306995,-0.43572984749454946,0.0,24,8.773,8.804,-4.813,1.8294,1.1074,-4.356,-4.372999999999999,1.7200000000000006,-0.18779999999999997,-0.12630000000000008,-2.0,2020-01-01,2020-12-31
ROLLING_2020-01_2020-12,C,41,26,0.7647058823529411,0.051534531733989475,53.84615384615385,1.1164853661190064,42.30769230769231,0.0,-0.04431285109270856,-2.0361990950226243,-0.10729236289139199,1.1312217194570167,0.0,22,7.037,7.062,-6.533,1.081,0.7551,-6.092,-6.114999999999999,0.0,-0.9361999999999999,-0.4786,-4.0,2020-01-01,2020-12-31
ROLLING_2020-01_2020-12,AB,28,22,0.6470588235294118,-0.08929671329807144,45.45454545454545,0.8292118076210806,50.0,0.0,-0.18514409612476948,-10.427807486631018,-0.3945659213893178,8.82352941176471,0.0,20,1.116,1.119,-4.962,0.2256,0.1914,-12.013,-12.058,1.5710000000000006,-1.7915999999999999,-1.0423,-6.0,2020-01-01,2020-12-31
ROLLING_2020-01_2020-12,AC,33,23,0.6764705882352942,-0.017447277535151635,52.17391304347826,0.9617191318927756,43.47826086956522,0.0,-0.11329466036184968,-3.708439897698213,-0.2620585971176228,2.3017902813299287,0.0,19,4.279,4.294,-6.535,0.657,0.4983,-8.85,-8.883,-0.0019999999999997797,-1.3601999999999999,-0.7354,-7.0,2020-01-01,2020-12-31
ROLLING_2020-01_2020-12,BC,25,19,0.5588235294117647,0.02241008388690551,52.63157894736842,1.050433024896282,42.10526315789473,0.0,-0.07343729893979253,-3.2507739938080533,-0.1733447041141163,0.9287925696594428,0.0,18,0.887,0.89,-4.813,0.185,0.1726,-12.241999999999999,-12.286999999999999,1.7200000000000006,-1.8321999999999998,-1.0611,-8.0,2020-01-01,2020-12-31
ROLLING_2020-01_2020-12,ABC,21,16,0.47058823529411764,0.010932279187513091,50.0,1.0235650292298781,43.75,0.0,-0.08491510363918495,-5.882352941176471,-0.20021269978052025,2.57352941176471,0.0,15,0.635,0.637,-4.833,0.1319,0.1369,-12.494,-12.54,1.7000000000000002,-1.8853,-1.0968,-11.0,2020-01-01,2020-12-31
ROLLING_2020-07_2021-06,BASE,62,35,1.0,0.03330478288434439,54.285714285714285,1.0810506752222409,37.142857142857146,0.0,0.0,0.0,0.0,0.0,0.0,27,11.855,11.898,-4.589,2.5926,1.6799,0.0,0.0,0.0,0.0,0.0,0.0,2020-07-01,2021-06-30
ROLLING_2020-07_2021-06,A,50,32,0.9142857142857143,-0.029321509550601234,53.125,0.9297791303648794,37.5,0.0,-0.06262629243494562,-1.1607142857142847,-0.1512715448573615,0.3571428571428541,0.0,24,8.578,8.609,-3.864,2.228,1.4043,-3.277000000000001,-3.2889999999999997,0.7250000000000005,-0.3645999999999998,-0.27559999999999985,-3.0,2020-07-01,2021-06-30
ROLLING_2020-07_2021-06,B,40,28,0.8,0.051879850243616646,57.14285714285714,1.1410057988200117,32.142857142857146,0.0,0.01857506735927226,2.857142857142854,0.05995512359777089,-5.0,0.0,25,8.261,8.29,-5.418,1.5301,1.2504,-3.594000000000001,-3.6080000000000005,-0.8289999999999997,-1.0625,-0.4295,-2.0,2020-07-01,2021-06-30
ROLLING_2020-07_2021-06,C,37,25,0.7142857142857143,-0.027993088958535806,52.0,0.9377350204007717,40.0,0.0,-0.06129787184288019,-2.2857142857142847,-0.14331565482146913,2.857142857142854,0.0,21,5.993,6.014,-3.895,1.5441,1.0548,-5.862,-5.8839999999999995,0.6940000000000004,-1.0485,-0.6251,-6.0,2020-07-01,2021-06-30
ROLLING_2020-07_2021-06,AB,33,24,0.6857142857142857,-0.07715414276971229,50.0,0.820257523889797,37.5,0.0,-0.11045892565405668,-4.285714285714285,-0.26079315133244385,0.3571428571428541,0.0,21,3.077,3.088,-4.304,0.7175,0.5772,-8.778,-8.809999999999999,0.28500000000000014,-1.8751,-1.1027,-6.0,2020-07-01,2021-06-30
ROLLING_2020-07_2021-06,AC,30,23,0.6571428571428571,-0.07774212642057339,52.17391304347826,0.8250336173302035,39.130434782608695,0.0,-0.11104690930491778,-2.1118012422360266,-0.2560170578920373,1.9875776397515494,0.0,19,4.359,4.374,-3.895,1.123,0.8359,-7.496,-7.524,0.6940000000000004,-1.4696,-0.844,-8.0,2020-07-01,2021-06-30
ROLLING_2020-07_2021-06,BC,23,18,0.5142857142857142,-0.0033836165910101665,55.55555555555556,0.991493106978979,33.33333333333333,0.0,-0.03668839947535455,1.2698412698412724,-0.08955756824326189,-3.8095238095238173,0.0,18,1.188,1.192,-4.525,0.2634,0.2588,-10.667,-10.706,0.06400000000000006,-2.3292,-1.4211,-9.0,2020-07-01,2021-06-30
ROLLING_2020-07_2021-06,ABC,20,16,0.45714285714285713,0.02132270619957774,56.25,1.0555685824421661,31.25,0.0,-0.011982076684766647,1.9642857142857153,-0.02548209278007474,-5.892857142857146,0.0,16,1.872,1.878,-3.816,0.4922,0.4106,-9.983,-10.02,0.7730000000000006,-2.1004,-1.2692999999999999,-11.0,2020-07-01,2021-06-30
ROLLING_2021-01_2021-12,BASE,51,30,1.0,0.11857960843807455,66.66666666666666,1.3764955456626649,23.333333333333332,6.666666666666667,0.0,0.0,0.0,0.0,0.0,29,4.224,4.275,-7.295,0.586,0.5884,0.0,0.0,0.0,0.0,0.0,0.0,2021-01-01,2021-12-31
ROLLING_2021-01_2021-12,A,41,23,0.7666666666666667,0.2391665042950017,73.91304347826086,2.0262006384439832,13.043478260869565,4.3478260869565215,0.12058689585692714,7.246376811594203,0.6497050927813184,-10.289855072463768,-2.3188405797101455,23,8.112,8.211,-5.862,1.4009,1.3238,3.888,3.936,1.4329999999999998,0.8149000000000001,0.7354,-6.0,2021-01-01,2021-12-31
ROLLING_2021-01_2021-12,B,38,24,0.8,0.23361197775885043,70.83333333333334,2.0472475206825664,16.666666666666664,0.0,0.11503236932077587,4.166666666666686,0.6707519750199016,-6.666666666666668,-6.666666666666667,24,8.398,8.501,-5.082,1.6728,1.364,4.1739999999999995,4.225999999999999,2.213,1.0868000000000002,0.7756000000000001,-5.0,2021-01-01,2021-12-31
ROLLING_2021-01_2021-12,C,24,16,0.5333333333333333,-0.01968845163289404,62.5,0.9542908710066601,31.25,12.5,-0.1382680600709686,-4.166666666666657,-0.42220467465600475,7.916666666666668,5.833333333333333,16,-0.637,-0.644,-6.92,-0.0931,-0.0985,-4.861000000000001,-4.9190000000000005,0.375,-0.6790999999999999,-0.6869000000000001,-13.0,2021-01-01,2021-12-31
ROLLING_2021-01_2021-12,AB,33,20,0.6666666666666666,0.316979565961313,75.0,2.9131246469860232,10.0,0.0,0.19839995752323844,8.333333333333343,1.5366291013233584,-13.333333333333332,-6.666666666666667,20,9.492,9.609,-2.901,3.3123,1.7625,5.268000000000001,5.334,4.394,2.7263,1.1741,-9.0,2021-01-01,2021-12-31
ROLLING_2021-01_2021-12,AC,19,13,0.43333333333333335,0.08142735164223892,69.23076923076923,1.218554788983436,23.076923076923077,7.6923076923076925,-0.03715225679583563,2.564102564102569,-0.1579407566792288,-0.2564102564102555,1.0256410256410255,13,1.439,1.456,-5.337,0.2728,0.3256,-2.785,-2.8190000000000004,1.9580000000000002,-0.3132,-0.26280000000000003,-16.0,2021-01-01,2021-12-31
ROLLING_2021-01_2021-12,BC,19,13,0.43333333333333335,0.173054256439776,69.23076923076923,1.589424016463094,23.076923076923077,0.0,0.05447464800170146,2.564102564102569,0.2129284708004291,-0.2564102564102555,-6.666666666666667,13,3.253,3.292,-3.023,1.0891,0.7801,-0.9710000000000001,-0.9830000000000005,4.272,0.5031,0.19169999999999998,-16.0,2021-01-01,2021-12-31
ROLLING_2021-01_2021-12,ABC,16,11,0.36666666666666664,0.23590673453042663,72.72727272727273,1.927841486777187,18.181818181818183,0.0,0.11732712609235207,6.0606060606060765,0.5513459411145221,-5.151515151515149,-6.666666666666667,11,3.83,3.876,-2.139,1.8124,0.9558,-0.39400000000000013,-0.39900000000000047,5.156000000000001,1.2264,0.36739999999999995,-18.0,2021-01-01,2021-12-31
ROLLING_2021-07_2022-06,BASE,146,81,1.0,0.034013835548499585,58.0246913580247,1.0877713181745794,33.33333333333333,7.4074074074074066,0.0,0.0,0.0,0.0,0.0,68,3.546,3.559,-11.627,0.3061,0.3192,0.0,0.0,0.0,0.0,0.0,0.0,2021-07-01,2022-06-30
ROLLING_2021-07_2022-06,A,95,51,0.6296296296296297,0.002478179382202005,56.86274509803921,1.0056446191837989,35.294117647058826,9.803921568627452,-0.03153565616629758,-1.1619462599854842,-0.08212669899078051,1.9607843137254974,2.396514161220045,47,0.803,0.806,-8.021,0.1005,0.1279,-2.743,-2.753,3.606,-0.20559999999999998,-0.19129999999999997,-21.0,2021-07-01,2022-06-30
ROLLING_2021-07_2022-06,B,88,59,0.7283950617283951,0.1050404519435707,61.016949152542374,1.3018294384512092,30.508474576271187,5.084745762711865,0.07102661639507112,2.992257794517677,0.21405812027662985,-2.8248587570621417,-2.3226616446955415,55,8.387,8.417,-8.623,0.9762,0.7263,4.841000000000001,4.858,3.0040000000000013,0.6700999999999999,0.40709999999999996,-13.0,2021-07-01,2022-06-30
ROLLING_2021-07_2022-06,C,91,60,0.7407407407407407,-0.013612315961304742,55.00000000000001,0.9681992509467072,36.666666666666664,10.0,-0.04762615150980433,-3.0246913580246897,-0.11957206722787217,3.3333333333333357,2.5925925925925934,49,1.086,1.09,-7.334,0.1487,0.15,-2.46,-2.4690000000000003,4.293000000000001,-0.15739999999999998,-0.1692,-19.0,2021-07-01,2022-06-30
ROLLING_2021-07_2022-06,AB,58,39,0.48148148148148145,0.022401378054078498,58.97435897435898,1.0572270973580569,33.33333333333333,5.128205128205128,-0.011612457494421087,0.9496676163342812,-0.030544220816522527,0.0,-2.279202279202279,37,3.097,3.108,-6.861,0.453,0.3832,-0.44899999999999984,-0.45100000000000007,4.766000000000001,0.14690000000000003,0.064,-31.0,2021-07-01,2022-06-30
ROLLING_2021-07_2022-06,AC,53,36,0.4444444444444444,-0.09070251566725868,52.77777777777778,0.8256091625855818,41.66666666666667,13.88888888888889,-0.12471635121575826,-5.246913580246918,-0.2621621555889976,8.333333333333343,6.481481481481483,35,-3.577,-3.589,-6.796,-0.5281,-0.3558,-7.122999999999999,-7.148,4.831,-0.8342,-0.675,-33.0,2021-07-01,2022-06-30
ROLLING_2021-07_2022-06,BC,60,45,0.5555555555555556,0.04743317827454151,57.77777777777777,1.1196483330906257,35.55555555555556,6.666666666666667,0.013419342726041922,-0.24691358024692533,0.03187701491604633,2.2222222222222285,-0.7407407407407396,42,4.06,4.074,-7.185,0.567,0.4181,0.5139999999999998,0.5149999999999997,4.442000000000001,0.26089999999999997,0.09890000000000004,-26.0,2021-07-01,2022-06-30
ROLLING_2021-07_2022-06,ABC,36,28,0.345679012345679,-0.03502917391013923,53.57142857142857,0.9233254139775868,39.285714285714285,7.142857142857142,-0.06904300945863881,-4.453262786596127,-0.16444590419699257,5.952380952380956,-0.2645502645502642,28,-1.784,-1.79,-7.37,-0.2429,-0.1896,-5.33,-5.349,4.257000000000001,-0.5489999999999999,-0.5087999999999999,-40.0,2021-07-01,2022-06-30
ROLLING_2022-01_2022-12,BASE,199,101,1.0,-0.019106404157637237,50.495049504950494,0.955841044788855,39.603960396039604,4.9504950495049505,0.0,0.0,0.0,0.0,0.0,76,2.003,2.027,-11.557,0.1754,0.2077,0.0,0.0,0.0,0.0,0.0,0.0,2022-01-01,2022-12-31
ROLLING_2022-01_2022-12,A,107,61,0.6039603960396039,-0.026068688740259666,52.459016393442624,0.9428145819505893,40.98360655737705,8.19672131147541,-0.006962284582622429,1.9639668884921306,-0.013026462838265696,1.3796461613374476,3.2462262619704587,52,1.808,1.829,-9.084,0.2014,0.2178,-0.19500000000000006,-0.19800000000000018,2.4730000000000008,0.025999999999999995,0.010099999999999998,-24.0,2022-01-01,2022-12-31
ROLLING_2022-01_2022-12,B,102,73,0.7227722772277227,0.04050123488501119,53.42465753424658,1.099525706242819,36.986301369863014,4.10958904109589,0.05960763904264843,2.9296080292960838,0.14368466145396397,-2.6176590261765895,-0.8409060084090605,63,-0.169,-0.171,-12.056,-0.0142,0.054,-2.172,-2.198,-0.4989999999999988,-0.1896,-0.1537,-13.0,2022-01-01,2022-12-31
ROLLING_2022-01_2022-12,C,116,73,0.7227722772277227,0.09484518562358873,56.16438356164384,1.25802693948931,32.87671232876712,5.47945205479452,0.11395158978122596,5.669334056693344,0.302185894700455,-6.727248067272484,0.5289570052895698,56,12.123,12.274,-7.3,1.6814,0.939,10.12,10.247,4.257000000000001,1.506,0.7313,-20.0,2022-01-01,2022-12-31
ROLLING_2022-01_2022-12,AB,55,41,0.40594059405940597,0.018997902345866086,56.09756097560976,1.0469347515690184,36.58536585365854,4.878048780487805,0.03810430650350333,5.602511470659266,0.09109370678016337,-3.0185945423810665,-0.07244626901714568,38,4.252,4.303,-7.318,0.588,0.5122,2.2489999999999997,2.276,4.239000000000001,0.41259999999999997,0.3045,-38.0,2022-01-01,2022-12-31
ROLLING_2022-01_2022-12,AC,59,42,0.4158415841584158,-0.01789345432592508,52.38095238095239,0.9626494217126741,42.857142857142854,9.523809523809524,0.0012129498317121554,1.885902876001893,0.006808376923819082,3.2531824611032505,4.573314474304573,39,-0.011,-0.011,-5.95,-0.0019,0.0463,-2.0140000000000002,-2.0380000000000003,5.607,-0.1773,-0.1614,-37.0,2022-01-01,2022-12-31
ROLLING_2022-01_2022-12,BC,66,54,0.5346534653465347,0.08182503245864524,55.55555555555556,1.210727899260539,35.18518518518518,5.555555555555555,0.10093143661628248,5.060506050605063,0.254886854471684,-4.41877521085442,0.6050605060506049,47,4.514,4.569,-7.192,0.6352,0.4266,2.511,2.542,4.365,0.4598,0.21889999999999998,-29.0,2022-01-01,2022-12-31
ROLLING_2022-01_2022-12,ABC,34,30,0.297029702970297,0.029425798648857134,53.333333333333336,1.0670014202390121,40.0,6.666666666666667,0.04853220280649437,2.838283828382842,0.11116037545015711,0.3960396039603964,1.7161716171617165,30,0.984,0.996,-7.696,0.1294,0.1604,-1.0190000000000001,-1.0310000000000001,3.8610000000000007,-0.04600000000000001,-0.04730000000000001,-46.0,2022-01-01,2022-12-31
ROLLING_2022-07_2023-06,BASE,168,78,1.0,0.06041369661804431,58.97435897435898,1.1731346760811896,28.205128205128204,1.282051282051282,0.0,0.0,0.0,0.0,0.0,57,11.215,11.255,-5.886,1.9122,1.0002,0.0,0.0,0.0,0.0,0.0,0.0,2022-07-01,2023-06-30
ROLLING_2022-07_2023-06,A,84,49,0.6282051282051282,0.10942594613965449,63.26530612244898,1.3382441615926024,26.53061224489796,2.0408163265306123,0.04901224952161018,4.290947148090005,0.1651094855114128,-1.674515960230245,0.7587650444793304,38,7.811,7.839,-7.188,1.0905,0.9729,-3.404,-3.4160000000000004,-1.3019999999999996,-0.8216999999999999,-0.02729999999999999,-19.0,2022-07-01,2023-06-30
ROLLING_2022-07_2023-06,B,91,60,0.7692307692307693,0.07864985906289658,60.0,1.2276768392129591,26.666666666666668,0.0,0.018236162444852266,1.025641025641022,0.05454216313176952,-1.5384615384615365,-1.282051282051282,46,1.978,1.985,-10.924,0.1817,0.2424,-9.237,-9.270000000000001,-5.037999999999999,-1.7305,-0.7578,-11.0,2022-07-01,2023-06-30
ROLLING_2022-07_2023-06,C,82,48,0.6153846153846154,0.33555853331568564,75.0,3.006803981570227,12.5,0.0,0.27514483669764134,16.025641025641022,1.8336693054890374,-15.705128205128204,-1.282051282051282,34,14.657,14.711,-5.302,2.7749,1.6775,3.442,3.4559999999999995,0.5840000000000005,0.8627000000000002,0.6773,-23.0,2022-07-01,2023-06-30
ROLLING_2022-07_2023-06,AB,47,35,0.44871794871794873,0.17208972229583322,65.71428571428571,1.6198058134808857,20.0,0.0,0.1116760256777889,6.73992673992673,0.4466711373996961,-8.205128205128204,-1.282051282051282,31,7.101,7.126,-5.813,1.226,1.0055,-4.114,-4.1290000000000004,0.0730000000000004,-0.6861999999999999,0.005300000000000082,-26.0,2022-07-01,2023-06-30
ROLLING_2022-07_2023-06,AC,37,27,0.34615384615384615,0.24911466037905164,70.37037037037037,2.038426276283438,22.22222222222222,0.0,0.1887009637610073,11.396011396011389,0.8652916002022486,-5.982905982905983,-1.282051282051282,23,9.339,9.373,-2.191,4.2779,1.679,-1.8759999999999994,-1.8820000000000014,3.6950000000000003,2.3657,0.6788000000000001,-34.0,2022-07-01,2023-06-30
ROLLING_2022-07_2023-06,BC,42,34,0.4358974358974359,0.24389329445350927,70.58823529411765,2.081180441109761,17.647058823529413,0.0,0.18347959783546497,11.613876319758674,0.9080457650285714,-10.558069381598791,-1.282051282051282,26,9.567,9.602,-4.03,2.3828,1.1973,-1.6479999999999997,-1.6530000000000005,1.8559999999999999,0.47060000000000013,0.19710000000000005,-31.0,2022-07-01,2023-06-30
ROLLING_2022-07_2023-06,ABC,17,17,0.21794871794871795,0.29446919470651534,70.58823529411765,2.46493464905505,17.647058823529413,0.0,0.23405549808847104,11.613876319758674,1.2917999729738605,-10.558069381598791,-1.282051282051282,17,7.678,7.706,-2.398,3.2139,1.6107,-3.537,-3.5490000000000004,3.488,1.3017000000000003,0.6105,-40.0,2022-07-01,2023-06-30
ROLLING_2023-01_2023-12,BASE,165,74,1.0,0.1234609402454726,66.21621621621621,1.4039596781986396,21.62162162162162,1.3513513513513513,0.0,0.0,0.0,0.0,0.0,59,8.344,8.47,-8.536,0.9923,0.8113,0.0,0.0,0.0,0.0,0.0,0.0,2023-01-01,2023-12-31
ROLLING_2023-01_2023-12,A,79,43,0.581081081081081,0.2770794842356024,69.76744186046511,2.078534754355522,20.930232558139537,0.0,0.1536185439901298,3.551225644248902,0.6745750761568823,-0.6913890634820845,-1.3513513513513513,37,14.397,14.622,-4.675,3.1277,1.5482,6.053000000000001,6.151999999999999,3.8609999999999998,2.1353999999999997,0.7369,-22.0,2023-01-01,2023-12-31
ROLLING_2023-01_2023-12,B,111,62,0.8378378378378378,0.26249529026505614,72.58064516129032,2.2813042867378615,14.516129032258066,0.0,0.13903435001958353,6.36442894507411,0.8773446085392218,-7.105492589363555,-1.3513513513513513,48,22.915,23.285,-4.793,4.8578,2.2523,14.571,14.815,3.7429999999999994,3.8655,1.4409999999999998,-11.0,2023-01-01,2023-12-31
ROLLING_2023-01_2023-12,C,79,50,0.6756756756756757,0.22794530354290352,72.0,2.0725646670855014,18.0,0.0,0.10448436329743091,5.7837837837837895,0.6686049888868617,-3.621621621621621,-1.3513513513513513,43,14.986,15.221,-3.79,4.0163,1.7763,6.642000000000001,6.7509999999999994,4.7459999999999996,3.024,0.965,-16.0,2023-01-01,2023-12-31
ROLLING_2023-01_2023-12,AB,56,36,0.4864864864864865,0.393693874829636,75.0,3.0343437642695332,13.88888888888889,0.0,0.2702329345841634,8.78378378378379,1.6303840860708936,-7.732732732732732,-1.3513513513513513,31,18.4,18.692,-4.675,3.9984,2.1564,10.056,10.222,3.8609999999999998,3.0061,1.3451,-28.0,2023-01-01,2023-12-31
ROLLING_2023-01_2023-12,AC,29,23,0.3108108108108108,0.44885086238859984,82.6086956521739,4.2178259352276095,13.043478260869565,0.0,0.32538992214312723,16.392479435957696,2.8138662570289696,-8.578143360752057,-1.3513513513513513,21,15.347,15.588,-2.273,6.8582,2.6048,7.003,7.1179999999999986,6.263,5.8659,1.7934999999999999,-38.0,2023-01-01,2023-12-31
ROLLING_2023-01_2023-12,BC,50,37,0.5,0.29104196620452283,75.67567567567568,2.718383440401319,13.513513513513514,0.0,0.16758102595905022,9.459459459459467,1.3144237622026795,-8.108108108108107,-1.3513513513513513,33,18.957,19.259,-3.708,5.1945,2.4243,10.613000000000001,10.789,4.827999999999999,4.2021999999999995,1.613,-26.0,2023-01-01,2023-12-31
ROLLING_2023-01_2023-12,ABC,18,17,0.22972972972972974,0.5739533211536134,88.23529411764706,9.35202991329088,5.88235294117647,0.0,0.4504923809081408,22.019077901430848,7.948070235092239,-15.73926868044515,-1.3513513513513513,17,15.471,15.713,-1.93,8.143,2.9393,7.127000000000001,7.2429999999999986,6.606,7.1507000000000005,2.1279999999999997,-42.0,2023-01-01,2023-12-31
ROLLING_2023-07_2024-06,BASE,161,68,1.0,-0.010616293446585504,58.82352941176471,0.9740875617773287,27.941176470588236,4.411764705882353,0.0,0.0,0.0,0.0,0.0,47,-5.825,-5.892,-11.16,-0.5279,-0.4678,0.0,0.0,0.0,0.0,0.0,0.0,2023-07-01,2024-06-30
ROLLING_2023-07_2024-06,A,75,39,0.5735294117647058,0.22717176043193765,64.1025641025641,1.78733690388644,23.076923076923077,0.0,0.23778805387852314,5.279034690799392,0.8132493421091113,-4.864253393665159,-4.411764705882353,31,13.968,14.144,-3.619,3.9082,1.6624,19.793,20.036,7.541,4.4361,2.1302000000000003,-16.0,2023-07-01,2024-06-30
ROLLING_2023-07_2024-06,B,109,59,0.8676470588235294,0.1979179574768908,67.79661016949152,1.7862987105831938,20.33898305084746,1.694915254237288,0.20853425092347633,8.973080757726805,0.8122111488058651,-7.602193419740775,-2.716849451645065,41,7.799,7.894,-6.831,1.1556,0.8378,13.624,13.786000000000001,4.329,1.6835,1.3056,-6.0,2023-07-01,2024-06-30
ROLLING_2023-07_2024-06,C,84,45,0.6617647058823529,0.05415316768587478,60.0,1.1659843548456172,26.666666666666668,2.2222222222222223,0.0647694611324603,1.17647058823529,0.19189679306828855,-1.2745098039215677,-2.189542483660131,34,7.934,8.031,-3.817,2.1043,1.1592,13.759,13.923000000000002,7.343,2.6322,1.627,-13.0,2023-07-01,2024-06-30
ROLLING_2023-07_2024-06,AB,56,33,0.4852941176470588,0.40148400314859867,72.72727272727273,3.1400792968528046,12.121212121212121,0.0,0.41210029659518416,13.903743315508024,2.165991735075476,-15.819964349376114,-4.411764705882353,26,21.988,22.274,-3.67,6.0688,2.7594,27.813,28.166,7.49,6.5967,3.2272,-21.0,2023-07-01,2024-06-30
ROLLING_2023-07_2024-06,AC,35,22,0.3235294117647059,0.30367091092746024,72.72727272727273,2.3514959006379854,18.181818181818183,0.0,0.3142872043740457,13.903743315508024,1.3774083388606568,-9.759358288770052,-4.411764705882353,18,10.501,10.631,-2.298,4.6273,1.9021,16.326,16.523,8.862,5.1552,2.3699,-29.0,2023-07-01,2024-06-30
ROLLING_2023-07_2024-06,BC,58,37,0.5441176470588235,0.15710882755104488,64.86486486486487,1.5814702025644811,21.62162162162162,2.7027027027027026,0.16772512099763037,6.04133545310016,0.6073826407871524,-6.3195548489666145,-1.7090620031796506,29,9.105,9.217,-3.687,2.4999,1.4359,14.93,15.109000000000002,7.473000000000001,3.0278,1.9037,-18.0,2023-07-01,2024-06-30
ROLLING_2023-07_2024-06,ABC,28,19,0.27941176470588236,0.47226544494364664,78.94736842105263,4.806645998270942,5.263157894736842,0.0,0.48288173839023213,20.12383900928792,3.8325584364936134,-22.678018575851393,-4.411764705882353,16,13.651,13.822,-1.515,9.1243,2.5151,19.476,19.714,9.645,9.6522,2.9829,-31.0,2023-07-01,2024-06-30
ROLLING_2024-01_2024-12,BASE,142,71,1.0,0.16083939509632988,61.97183098591549,1.5162890774856401,19.718309859154928,5.633802816901409,0.0,0.0,0.0,0.0,0.0,41,4.796,4.813,-15.381,0.3129,0.4544,0.0,0.0,0.0,0.0,0.0,0.0,2024-01-01,2024-12-31
ROLLING_2024-01_2024-12,A,77,41,0.5774647887323944,0.2541784382352147,65.85365853658537,2.0711535701940167,17.073170731707318,2.4390243902439024,0.0933390431388848,3.8818275506698825,0.5548644927083766,-2.64513912744761,-3.1947784266575066,26,6.858,6.882,-4.585,1.501,0.9759,2.0619999999999994,2.069,10.796,1.1881,0.5215,-15.0,2024-01-01,2024-12-31
ROLLING_2024-01_2024-12,B,98,62,0.8732394366197183,0.26833978242442014,64.51612903225806,2.1179175549422182,19.35483870967742,3.225806451612903,0.10750038732809025,2.5442980463425755,0.6016284774565781,-0.36347114947750825,-2.407996365288506,36,8.385,8.415,-11.561,0.7279,0.773,3.5889999999999995,3.6019999999999994,3.8200000000000003,0.415,0.3186,-5.0,2024-01-01,2024-12-31
ROLLING_2024-01_2024-12,C,79,43,0.6056338028169014,0.3177955773109236,65.11627906976744,2.26945243247426,18.6046511627907,4.651162790697675,0.15695618221459373,3.1444480838519553,0.7531633549886201,-1.1136586963642294,-0.9826400262037343,29,17.74,17.806,-5.373,3.3142,1.7657,12.943999999999999,12.993000000000002,10.008,3.0013,1.3113000000000001,-12.0,2024-01-01,2024-12-31
ROLLING_2024-01_2024-12,AB,55,36,0.5070422535211268,0.2673704845853795,63.888888888888886,2.117686310136741,16.666666666666664,2.7777777777777777,0.1065310894890496,1.9170579029733972,0.601397232651101,-3.051643192488264,-2.8560250391236313,24,6.4,6.423,-4.596,1.3973,0.9169,1.604,1.6100000000000003,10.785,1.0844,0.4625,-17.0,2024-01-01,2024-12-31
ROLLING_2024-01_2024-12,AC,41,26,0.36619718309859156,0.25196407062801984,65.38461538461539,2.1722187457426,15.384615384615385,3.8461538461538463,0.09112467553168996,3.4127843986998982,0.65592966825696,-4.333694474539543,-1.7876489707475627,17,5.032,5.05,-3.68,1.3722,0.86,0.23599999999999977,0.2370000000000001,11.701,1.0593000000000001,0.40559999999999996,-24.0,2024-01-01,2024-12-31
ROLLING_2024-01_2024-12,BC,55,36,0.5070422535211268,0.33456549787043843,63.888888888888886,2.230114236608085,22.22222222222222,5.555555555555555,0.17372610277410855,1.9170579029733972,0.7138251591224449,2.5039123630672933,-0.07824726134585358,24,14.801,14.856,-6.019,2.4679,1.5302,10.004999999999999,10.043,9.362,2.1550000000000002,1.0758,-17.0,2024-01-01,2024-12-31
ROLLING_2024-01_2024-12,ABC,32,23,0.323943661971831,0.25777832697398567,60.86956521739131,2.207966361343379,13.043478260869565,4.3478260869565215,0.09693893187765579,-1.1022657685241768,0.691677283857739,-6.674831598285364,-1.2859767299448874,16,5.868,5.889,-3.198,1.8414,1.0203,1.072,1.0760000000000005,12.183,1.5285,0.5659,-25.0,2024-01-01,2024-12-31
ROLLING_2024-07_2025-06,BASE,146,73,1.0,0.42743722215154023,76.71232876712328,2.904203011565028,17.80821917808219,8.21917808219178,0.0,0.0,0.0,0.0,0.0,49,30.066,30.183,-8.436,3.578,2.0615,0.0,0.0,0.0,0.0,0.0,0.0,2024-07-01,2025-06-30
ROLLING_2024-07_2025-06,A,71,44,0.6027397260273972,0.496615389666065,79.54545454545455,4.091053719472487,13.636363636363635,4.545454545454546,0.06917816751452477,2.833125778331265,1.1868507079074595,-4.171855541718555,-3.673723536737234,32,25.253,25.35,-3.78,6.7061,2.5126,-4.812999999999999,-4.832999999999998,4.656000000000001,3.1281000000000003,0.45109999999999983,-17.0,2024-07-01,2025-06-30
ROLLING_2024-07_2025-06,B,101,54,0.7397260273972602,0.5566689030693713,77.77777777777779,3.8739334238987326,16.666666666666664,7.4074074074074066,0.1292316809178311,1.065449010654504,0.9697304123337047,-1.1415525114155258,-0.8117706747843734,37,33.453,33.585,-5.468,6.1421,2.5821,3.387000000000004,3.402000000000001,2.968,2.5641000000000003,0.5206,-12.0,2024-07-01,2025-06-30
ROLLING_2024-07_2025-06,C,73,47,0.6438356164383562,0.4810721324302594,78.72340425531915,3.5505776239863067,17.02127659574468,6.382978723404255,0.053634910278719194,2.0110754881958712,0.6463746124212788,-0.7869425823375096,-1.8361993587875247,36,24.37,24.463,-5.105,4.7916,2.0302,-5.695999999999998,-5.719999999999999,3.3309999999999995,1.2136,-0.03130000000000033,-13.0,2024-07-01,2025-06-30
ROLLING_2024-07_2025-06,AB,44,31,0.4246575342465753,0.6026094386320684,77.41935483870968,4.817272126098004,12.903225806451612,6.451612903225806,0.17517221648052816,0.7070260715863981,1.9130691145329761,-4.904993371630578,-1.7675651789659739,24,20.501,20.578,-3.651,5.6358,2.4769,-9.564999999999998,-9.605,4.785,2.0578,0.4154,-25.0,2024-07-01,2025-06-30
ROLLING_2024-07_2025-06,AC,37,29,0.3972602739726027,0.40617781124050595,75.86206896551724,3.4927480472742682,13.793103448275861,3.4482758620689653,-0.021259410911034282,-0.8502598016060432,0.5885450357092403,-4.015115729806329,-4.770902220122815,21,12.846,12.893,-3.648,3.534,1.6015,-17.22,-17.29,4.788,-0.04400000000000004,-0.4600000000000002,-28.0,2024-07-01,2025-06-30
ROLLING_2024-07_2025-06,BC,43,30,0.410958904109589,0.6140265464342118,76.66666666666667,4.38287796822974,16.666666666666664,6.666666666666667,0.1865893242826716,-0.04566210045661023,1.4786749566647117,-1.1415525114155258,-1.552511415525113,26,25.317,25.414,-4.467,5.6888,2.3934,-4.748999999999999,-4.768999999999998,3.9690000000000003,2.1108,0.3319000000000001,-23.0,2024-07-01,2025-06-30
ROLLING_2024-07_2025-06,ABC,19,17,0.2328767123287671,0.5247840558601351,70.58823529411765,4.497239462914494,11.76470588235294,5.88235294117647,0.09734683370859487,-6.12409347300563,1.593036451349466,-6.04351329572925,-2.33682514101531,13,10.928,10.967,-1.996,5.4953,1.9467,-19.137999999999998,-19.216,6.4399999999999995,1.9173000000000004,-0.11480000000000001,-36.0,2024-07-01,2025-06-30
ROLLING_2025-01_2025-12,BASE,143,74,1.0,0.442508352285017,77.02702702702703,3.652395204708556,12.162162162162163,5.405405405405405,0.0,0.0,0.0,0.0,0.0,50,42.648,42.962,-5.3,8.1056,3.2283,0.0,0.0,0.0,0.0,0.0,0.0,2025-01-01,2025-12-31
ROLLING_2025-01_2025-12,A,72,45,0.6081081081081081,0.6301661194710164,84.44444444444444,6.0268688804297925,8.88888888888889,2.2222222222222223,0.1876577671859994,7.417417417417411,2.3744736757212364,-3.273273273273274,-3.183183183183183,40,45.654,45.994,-3.797,12.1131,3.8825,3.0060000000000002,3.0319999999999965,1.5029999999999997,4.0074999999999985,0.6541999999999999,-10.0,2025-01-01,2025-12-31
ROLLING_2025-01_2025-12,B,94,55,0.7432432432432432,0.4704549144210788,74.54545454545455,3.4038514801159607,14.545454545454545,5.454545454545454,0.02794656213606178,-2.481572481572485,-0.24854372459259544,2.383292383292382,0.04914004914004888,42,34.634,34.882,-3.935,8.8643,2.9482,-8.014000000000003,-8.080000000000005,1.3649999999999998,0.7586999999999993,-0.2801,-8.0,2025-01-01,2025-12-31
ROLLING_2025-01_2025-12,C,56,39,0.527027027027027,0.5032832311525767,87.17948717948718,5.2395780158911505,10.256410256410255,5.128205128205128,0.06077487886755967,10.15246015246015,1.5871828111825943,-1.9057519057519077,-0.2772002772002775,30,24.188,24.355,-5.109,4.7673,2.7544,-18.460000000000004,-18.607000000000003,0.19099999999999984,-3.338300000000001,-0.4739,-20.0,2025-01-01,2025-12-31
ROLLING_2025-01_2025-12,AB,43,31,0.4189189189189189,0.7263504669931854,83.87096774193549,7.25263400185096,6.451612903225806,3.225806451612903,0.2838421147081684,6.843940714908456,3.6002387971424037,-5.710549258936357,-2.1795989537925022,29,34.349,34.595,-4.474,7.7323,3.6098,-8.299000000000007,-8.367000000000004,0.8259999999999996,-0.3733000000000004,0.38149999999999995,-21.0,2025-01-01,2025-12-31
ROLLING_2025-01_2025-12,AC,31,26,0.35135135135135137,0.5980517176188094,92.3076923076923,8.622227773573059,7.6923076923076925,0.0,0.15554336533379237,15.280665280665275,4.969832568864502,-4.469854469854471,-5.405405405405405,23,25.212,25.387,-3.651,6.9538,3.1473,-17.436000000000003,-17.575000000000003,1.649,-1.1518000000000006,-0.08099999999999996,-27.0,2025-01-01,2025-12-31
ROLLING_2025-01_2025-12,BC,28,20,0.2702702702702703,0.7298381471400366,95.0,13.657775997549885,5.0,5.0,0.2873297948550196,17.97297297297297,10.00538079284133,-7.162162162162163,-0.40540540540540526,20,23.676,23.839,-2.179,10.9385,3.7231,-18.972000000000005,-19.123000000000005,3.121,2.8328999999999986,0.49480000000000013,-30.0,2025-01-01,2025-12-31
ROLLING_2025-01_2025-12,ABC,12,11,0.14864864864864866,0.9348209606818021,100.0,999.0,0.0,0.0,0.4923126083967851,22.97297297297297,995.3476047952914,-12.162162162162163,-5.405405405405405,11,16.312,16.421,-1.314,12.4984,3.481,-26.336000000000002,-26.541000000000004,3.9859999999999998,4.392799999999999,0.2526999999999999,-39.0,2025-01-01,2025-12-31
ROLLING_2025-07_2026-06,BASE,163,78,1.0,0.25070787095901165,69.23076923076923,1.9137606391587523,23.076923076923077,3.8461538461538463,0.0,0.0,0.0,0.0,0.0,55,24.029,24.121,-7.175,3.3618,2.1484,0.0,0.0,0.0,0.0,0.0,0.0,2025-07-01,2026-06-30
ROLLING_2025-07_2026-06,A,90,52,0.6666666666666666,0.39137557819107055,73.07692307692307,2.6704260957911843,21.153846153846153,3.8461538461538463,0.1406677072320589,3.8461538461538396,0.756665456632432,-1.9230769230769234,0.0,47,37.279,37.428,-3.848,9.7267,3.1478,13.250000000000004,13.306999999999999,3.327,6.364899999999999,0.9994000000000001,-8.0,2025-07-01,2026-06-30
ROLLING_2025-07_2026-06,B,110,62,0.7948717948717948,0.305279528077428,70.96774193548387,2.0977273894941715,24.193548387096776,4.838709677419355,0.05457165711841633,1.7369727047146455,0.1839667503354192,1.1166253101736991,0.9925558312655087,50,24.616,24.71,-5.696,4.3384,2.0631,0.5869999999999997,0.5890000000000022,1.479,0.9765999999999999,-0.08530000000000015,-5.0,2025-07-01,2026-06-30
ROLLING_2025-07_2026-06,C,69,41,0.5256410256410257,0.31218476811016477,73.17073170731707,2.5514624437568054,17.073170731707318,0.0,0.06147689715115312,3.939962476547848,0.6377018045980531,-6.003752345215759,-3.8461538461538463,37,18.821,18.892,-4.704,4.0157,2.3079,-5.207999999999998,-5.228999999999999,2.471,0.6538999999999997,0.15949999999999998,-18.0,2025-07-01,2026-06-30
ROLLING_2025-07_2026-06,AB,60,36,0.46153846153846156,0.4954948188509481,77.77777777777779,3.237482414345282,19.444444444444446,5.555555555555555,0.24478694789193645,8.54700854700856,1.3237217751865298,-3.6324786324786302,1.709401709401709,34,25.597,25.696,-4.485,5.7294,2.6,1.5680000000000014,1.5750000000000028,2.6899999999999995,2.3676,0.4516,-21.0,2025-07-01,2026-06-30
ROLLING_2025-07_2026-06,AC,33,27,0.34615384615384615,0.43635932046327097,77.77777777777779,3.7977287116204463,14.814814814814813,0.0,0.18565144950425932,8.54700854700856,1.883968072461694,-8.262108262108264,-3.8461538461538463,27,18.686,18.756,-4.77,3.9321,2.6653,-5.343,-5.364999999999998,2.4050000000000002,0.5703,0.5168999999999997,-28.0,2025-07-01,2026-06-30
ROLLING_2025-07_2026-06,BC,43,28,0.358974358974359,0.4120580555658272,78.57142857142857,3.4285019376277472,14.285714285714285,0.0,0.16135018460681555,9.340659340659343,1.514741298468995,-8.791208791208792,-3.8461538461538463,28,18.161,18.229,-4.83,3.7739,2.4139,-5.8679999999999986,-5.8919999999999995,2.3449999999999998,0.4120999999999997,0.26549999999999985,-27.0,2025-07-01,2026-06-30
ROLLING_2025-07_2026-06,ABC,20,15,0.19230769230769232,0.7245839539581449,93.33333333333333,11.655646381737427,6.666666666666667,0.0,0.47387608299913325,24.102564102564102,9.741885742578674,-16.41025641025641,-3.8461538461538463,15,17.141,17.204,-1.54,11.175,2.8573,-6.888000000000002,-6.916999999999998,5.635,7.8132,0.7088999999999999,-40.0,2025-07-01,2026-06-30
