snapshot_date,ticker,sector,industry,revenue_growth,eps_growth,roe,debt_equity,current_ratio,fcf_ni_ratio,pe,pb,fcf,market_cap,fund_score,fund_growth,fund_solidity,fund_valuation,warnings,warning_count
2026-09-17,A,Health Care,Life Sciences Tools & Services,0.081,0.085,0.2097,56.336,2.05,0.7364,30.8363,5.9871,1060374976.0,44076756992,4.8,3.93,6.24,4.13,FCF/NI:0.74,1
2026-09-17,AAPL,Information Technology,"Technology Hardware, Storage & Peripherals",0.164,0.287,1.4875,78.445,1.003,0.8355,38.6912,45.788,107721875456.0,4918238773248,4.79,3.19,7.16,3.88,OK,0
2026-09-17,ABBV,Health Care,Biotechnology,0.102,2.904,,,0.809,2.6906,74.5819,-78.6008,16870250496.0,466554290176,6.32,8.81,5.63,4.22,OK,0
2026-09-17,ABNB,Consumer Discretionary,"Hotels, Resorts & Cruise Lines",0.165,0.334,0.3454,32.004,1.408,1.1917,37.9703,12.5524,3206874880.0,99356499968,7.23,10.0,6.95,4.31,OK,0
2026-09-17,ABT,Health Care,Health Care Equipment,0.13,-0.475,0.1058,63.212,1.376,1.3348,33.0841,3.4611,7209124864.0,178065555456,5.34,4.99,5.5,5.56,OK,0
2026-09-17,ACGL,Financials,Property & Casualty Insurance,-0.105,-0.071,0.1994,17.836,0.589,0.9248,7.5665,1.4154,4302125056.0,32974698496,5.06,0.0,7.18,8.49,RevG:-10.5%,1
2026-09-17,ACN,Information Technology,IT Consulting & Other Services,0.056,0.09,0.2441,25.035,1.339,1.552,15.1989,3.6509,12089380864.0,116446453760,5.22,0.38,6.59,9.27,OK,0
2026-09-17,ADBE,Information Technology,Application Software,0.129,0.105,0.619,57.48,0.77,1.2534,14.1078,8.484,9129875456.0,100436320256,5.71,1.47,7.26,8.86,OK,0
2026-09-17,ADI,Information Technology,Semiconductors,0.396,1.635,0.1223,27.314,1.25,1.003,42.968,5.2377,4147339008.0,175727673344,6.8,9.88,5.61,4.58,OK,0
2026-09-17,ADM,Consumer Staples,Agricultural Products & Services,0.072,3.156,0.0764,39.134,1.389,0.658,24.0683,1.8012,1164625024.0,42455547904,6.53,8.86,5.23,5.33,FCF/NI:0.66,1
2026-09-17,ADP,Industrials,Human Resource & Employment Services,0.068,0.098,0.7224,91.436,1.051,1.188,24.9076,17.9566,5243049984.0,108150808576,5.61,3.33,7.3,6.29,D/E:91,1
2026-09-17,ADSK,Information Technology,Application Software,0.161,0.596,0.5385,109.518,0.855,1.923,28.358,13.5071,3157499904.0,45695758336,6.43,5.26,6.98,7.14,D/E:110,1
2026-09-17,AEE,Utilities,Multi-Utilities,-0.062,0.119,0.1194,157.846,0.531,-1.1428,18.2923,2.1012,-1786249984.0,28764014592,3.57,2.87,4.65,3.12,FCF/NI:-1.14|D/E:158,2
2026-09-17,AEP,Utilities,Electric Utilities,0.07,-0.432,0.1013,160.789,0.504,-1.9089,21.078,2.0638,-5995950080.0,66209611776,3.9,4.27,4.34,2.95,FCF/NI:-1.91|D/E:161,2
2026-09-17,AES,Utilities,Independent Power Producers & Energy Traders,0.199,,0.0957,256.886,0.746,-1.6165,5.5618,2.1429,-3089125120.0,10590392320,5.53,7.5,4.04,4.98,FCF/NI:-1.62|D/E:257,2
2026-09-17,AFL,Financials,Life & Health Insurance,-0.01,0.468,0.1691,53.365,0.892,1.0597,12.5782,1.932,5152249856.0,58456629248,5.97,5.0,5.79,7.33,OK,0
2026-09-17,AIG,Financials,Multi-line Insurance,0.005,-0.101,0.0722,22.466,0.612,2.484,13.8102,0.978,7365000192.0,39572557824,4.38,0.0,5.87,7.75,OK,0
2026-09-17,AIZ,Financials,Multi-line Insurance,0.094,0.305,0.1834,36.211,0.382,2.0381,13.5794,2.2984,2149574912.0,13998578688,6.42,6.08,6.16,7.13,OK,0
2026-09-17,AJG,Financials,Insurance Brokers,0.309,-0.107,0.0672,59.401,1.053,1.328,40.1013,2.6088,2082300032.0,61883281408,4.76,5.0,4.76,4.48,OK,0
2026-09-17,AKAM,Information Technology,Internet Services & Infrastructure,0.054,-0.268,0.0892,196.672,1.637,1.7278,38.7971,3.238,710060096.0,15389174784,3.69,0.23,4.35,6.97,D/E:197,1
2026-09-17,ALB,Materials,Specialty Chemicals,0.311,,0.0265,18.976,2.086,23.2354,426.1111,1.6884,1334340224.0,13576481792,6.57,7.5,5.98,6.19,OK,0
2026-09-17,ALGN,Health Care,Health Care Supplies,0.043,-0.121,0.1016,2.855,1.395,1.4365,25.9913,2.5201,594111360.0,10635377664,4.93,1.32,6.64,7.14,OK,0
2026-09-17,ALL,Financials,Property & Casualty Insurance,0.118,0.612,0.4611,22.261,0.363,1.1493,5.0492,2.0211,15158625280.0,63773306880,8.31,7.55,8.44,9.06,OK,0
2026-09-17,ALLE,Industrials,Building Products,0.127,0.162,0.3373,104.895,1.93,0.7356,20.135,6.1681,484449984.0,13064201216,6.07,6.63,5.59,5.98,FCF/NI:0.74|D/E:105,2
2026-09-17,AMAT,Information Technology,Semiconductor Materials & Equipment,0.248,0.428,0.4107,28.666,2.423,0.3319,36.0138,12.9262,3075375104.0,331247550464,5.12,5.29,6.6,3.18,FCF/NI:0.33,1
2026-09-17,AMCR,Materials,Paper & Plastic Packaging Products & Materials,0.259,,0.094,128.294,1.254,1.3599,17.8067,1.6605,1504000000.0,19594211328,6.75,7.5,4.86,8.07,D/E:128,1
2026-09-17,AMD,Information Technology,Semiconductors,0.501,1.595,0.102,6.361,2.609,1.3667,139.7667,13.2332,8841499648.0,889845841920,6.49,10.0,6.54,2.33,OK,0
2026-09-17,AME,Industrials,Electrical Components & Equipment,0.15,0.142,0.1456,20.522,1.214,0.9467,34.2073,4.7706,1492221312.0,53706850304,6.06,6.94,6.37,4.68,OK,0
2026-09-17,AMGN,Health Care,Biotechnology,0.095,0.649,0.9147,490.281,1.371,0.9889,23.5742,17.5661,8645624832.0,205321224192,7.12,8.51,6.91,5.73,D/E:490,1
2026-09-17,AMP,Financials,Asset Management & Custody Banks,0.116,0.117,0.6343,67.578,2.182,0.7353,13.1875,7.5819,2903124992.0,48239882240,5.8,3.78,6.93,6.84,FCF/NI:0.74,1
2026-09-17,AMT,Real Estate,Telecom Tower REITs,0.047,1.385,0.3391,438.721,0.352,0.8586,24.1513,21.9942,2920012544.0,81813266432,6.44,7.16,6.66,5.35,D/E:439,1
2026-09-17,AMZN,Consumer Discretionary,Broadline Retail,0.196,2.423,0.3056,45.617,1.033,0.0238,20.2246,4.9103,3219124992.0,2709413953536,6.28,10.0,5.4,2.96,FCF/NI:0.02,1
2026-09-17,ANET,Information Technology,Communications Equipment,0.377,0.357,0.3148,,2.957,0.9622,63.1424,17.0059,3891512576.0,251652161536,5.61,6.56,6.83,3.08,OK,0
2026-09-17,AON,Financials,Insurance Brokers,0.022,-0.03,0.447,163.481,1.033,0.8152,16.3113,6.5391,3190874880.0,62799732736,4.34,0.07,6.96,6.26,D/E:163,1
2026-09-17,AOS,Industrials,Building Products,-0.007,-0.15,0.2713,36.766,1.594,0.9686,15.8579,4.2009,484612512.0,7737275392,4.79,0.0,6.78,8.06,OK,0
2026-09-17,APA,Energy,Oil & Gas Exploration & Production,0.092,0.263,0.2666,48.854,0.946,1.2801,9.5907,2.2705,2146749952.0,15926979584,5.34,1.57,6.78,8.07,OK,0
2026-09-17,APD,Materials,Industrial Gases,0.046,,0.0002,110.091,1.085,31.6596,,4.5892,-1497500032.0,63714783232,3.39,3.42,3.86,2.81,D/E:110,1
2026-09-17,APH,Information Technology,Electronic Components,0.55,0.593,0.3811,120.415,1.888,0.7424,39.185,12.4714,3818374912.0,193257832448,6.19,8.55,5.76,3.93,FCF/NI:0.74|D/E:120,2
2026-09-17,APO,Financials,Asset Management & Custody Banks,0.638,0.637,0.1141,100.969,1.948,,44.8399,3.7012,,74408435712,6.26,10.0,4.44,4.02,OK,0
2026-09-17,APP,Communication Services,Advertising,0.528,0.57,2.0369,111.13,4.3,0.7211,24.7385,34.0895,3179956224.0,107623612416,7.31,10.0,7.24,4.27,FCF/NI:0.72|D/E:111,2
2026-09-17,APTV,Consumer Discretionary,Automotive Parts & Equipment,0.023,-0.353,0.0516,64.938,2.018,3.438,19.7376,1.0384,1615874944.0,9230886912,4.45,0.56,5.28,8.0,OK,0
2026-09-17,ARE,Real Estate,Office REITs,-0.119,,-0.0408,68.67,2.35,-1.3057,,0.6184,1344973952.0,9695848448,4.46,2.5,3.38,8.0,FCF/NI:-1.31|RevG:-11.9%|ROE:-4.1%,3
2026-09-17,ARES,Financials,Asset Management & Custody Banks,0.058,0.065,0.1494,172.378,0.544,3.7719,57.2237,11.3607,2159716096.0,41578160128,3.89,1.49,4.93,5.49,D/E:172,1
2026-09-17,ATO,Utilities,Gas Utilities,0.048,0.233,0.0979,67.662,0.814,-1.5841,19.3123,1.7945,-2220956928.0,27381215232,5.56,7.77,5.42,3.13,FCF/NI:-1.58,1
2026-09-17,AVGO,Information Technology,Semiconductors,0.855,2.153,0.4425,59.604,2.504,0.7996,44.2985,16.6315,30596499456.0,1657881624576,7.18,10.0,7.42,3.62,OK,0
2026-09-17,AVY,Materials,Paper & Plastic Packaging Products & Materials,0.109,0.108,0.3116,158.653,1.132,1.4252,18.6984,5.5908,1004600000.0,13086739456,6.55,5.3,7.06,7.41,D/E:159,1
2026-09-17,AWK,Utilities,Water Utilities,0.062,0.086,0.1009,137.745,0.523,-1.5828,23.9584,2.3551,-1785374976.0,27472295936,4.37,5.66,4.47,2.76,FCF/NI:-1.58,1
2026-09-17,AXON,Industrials,Aerospace & Defense,0.353,-0.182,0.0622,50.363,2.149,1.1147,189.749,10.0259,222160000.0,36841168896,4.12,5.0,5.2,1.85,OK,0
2026-09-17,AXP,Financials,Consumer Finance,0.128,0.11,0.3438,172.38,1.553,,18.8931,6.1272,,210136170496,4.96,3.99,6.36,4.46,D/E:172,1
2026-09-17,AZO,Consumer Discretionary,Automotive Retail,0.084,0.077,,,0.89,0.3647,19.5754,-16.7203,903784256.0,46434369536,4.51,5.44,4.41,3.55,FCF/NI:0.36,1
2026-09-17,BA,Industrials,Aerospace & Defense,0.08,,1.7354,790.875,1.138,2.6929,70.6093,25.5314,5625375232.0,155589132288,5.3,4.58,6.8,4.39,D/E:791,1
2026-09-17,BAC,Financials,Diversified Banks,0.168,0.341,0.112,,,,13.4365,1.4788,,406838116352,6.19,8.54,4.52,5.41,OK,0
2026-09-17,BALL,Materials,"Metal, Glass & Plastic Containers",0.197,0.092,0.1715,131.495,1.069,0.402,17.4069,2.7976,379875008.0,16174475264,5.56,7.0,4.39,5.26,FCF/NI:0.40|D/E:131,2
2026-09-17,BAX,Health Care,Health Care Equipment,0.053,0.368,-0.1437,156.449,1.946,-1.0334,,1.9177,1000374976.0,11901248512,5.44,6.74,2.55,7.3,FCF/NI:-1.03|D/E:156|ROE:-14.4%,3
2026-09-17,BBY,Consumer Discretionary,Computer & Electronics Retail,0.036,0.701,0.4313,130.097,1.117,1.1033,15.7338,6.2507,1403374976.0,19831851008,6.39,6.16,5.92,7.19,D/E:130,1
2026-09-17,BDX,Health Care,Health Care Equipment,0.054,-0.314,0.0661,68.84,0.865,2.7175,31.3806,2.0235,4478374912.0,49405521920,4.44,1.78,4.83,7.08,OK,0
2026-09-17,BEN,Financials,Asset Management & Custody Banks,0.143,1.067,0.0789,24.805,5.486,-3.9395,22.4966,1.4298,-2990862592.0,16802103296,5.64,8.2,5.43,2.89,FCF/NI:-3.94,1
2026-09-17,BF-B,Consumer Staples,Distillers & Vintners,-0.014,0.057,0.1812,61.502,3.263,0.9509,17.0968,3.0625,685625024.0,12159902720,4.98,1.01,6.69,7.61,OK,0
2026-09-17,BG,Consumer Staples,Agricultural Products & Services,0.883,0.33,0.0718,97.995,1.567,-6.4113,25.7134,1.4367,-6475375104.0,22921732096,5.88,10.0,3.61,3.71,FCF/NI:-6.41|D/E:98,2
2026-09-17,BIIB,Health Care,Biotechnology,0.034,-0.848,0.0457,44.329,1.865,1.5181,38.8387,1.7166,1266987520.0,32365514752,3.91,0.94,5.31,5.74,OK,0
2026-09-17,BKNG,Consumer Discretionary,"Hotels, Resorts & Cruise Lines",0.081,1.3,,,1.094,1.0717,18.9467,-11.9865,7725875200.0,132132282368,6.8,8.24,5.72,6.38,OK,0
2026-09-17,BKR,Energy,Oil & Gas Equipment & Services,-0.024,-0.042,0.1646,80.925,2.095,1.426,18.1881,2.8195,4415000064.0,56150605824,4.11,0.0,5.8,6.92,D/E:81,1
2026-09-17,BLDR,Industrials,Building Products,-0.088,,0.0251,130.786,1.789,4.5302,62.6957,1.5495,464577120.0,6206163456,4.54,2.5,4.18,7.33,D/E:131,1
2026-09-17,BLK,Financials,Asset Management & Custody Banks,0.306,0.196,0.1228,23.192,2.447,1.1524,25.2748,2.8355,7578124800.0,171243405312,6.69,7.48,6.86,5.56,OK,0
2026-09-17,BMY,Health Care,Pharmaceuticals,0.057,1.531,0.466,201.859,1.532,0.8742,13.8414,5.7519,8114375168.0,128364183552,7.27,6.91,7.11,7.89,D/E:202,1
2026-09-17,BNY,Financials,Asset Management & Custody Banks,0.131,0.269,0.1412,,,,17.8762,2.6015,,103824703488,5.38,6.48,4.8,4.75,OK,0
2026-09-17,BR,Industrials,Data Processing & Outsourced Services,0.075,0.084,0.4092,123.939,1.236,1.0624,17.0978,6.5943,1194499968.0,19003813888,5.72,3.25,6.52,7.68,D/E:124,1
2026-09-17,BRK-B,Financials,Multi-Sector Holdings,0.1,1.078,0.1212,17.142,2.891,0.8392,12.8068,0.001,71975247872.0,1090049409024,7.43,7.09,7.11,8.21,OK,0
2026-09-17,BRO,Financials,Insurance Brokers,0.324,0.071,0.1002,63.975,1.127,1.3793,20.8051,1.7078,1642749952.0,21789827072,5.77,5.58,5.05,6.83,OK,0
2026-09-17,BSX,Health Care,Health Care Equipment,0.075,0.151,0.1534,50.151,1.24,0.6672,17.6316,2.5273,2451375104.0,63113945088,5.54,4.84,5.47,6.43,FCF/NI:0.67,1
2026-09-17,BX,Financials,Asset Management & Custody Banks,0.286,0.573,0.3137,68.185,0.872,,28.0559,11.1288,,149902295040,6.91,10.0,6.27,4.06,OK,0
2026-09-17,BXP,Real Estate,Office REITs,0.037,-0.232,0.0531,211.631,0.506,2.9669,34.371,1.9783,880636864.0,11563493376,4.27,1.59,4.64,6.96,D/E:212,1
2026-09-17,C,Financials,Diversified Banks,0.155,0.61,0.0853,,,,14.2996,1.1565,,222595858432,6.13,8.51,4.26,5.53,OK,0
2026-09-17,CAH,Health Care,Health Care Distributors,0.058,0.688,,,0.883,2.7728,31.3057,-18.2931,4752500224.0,52641189888,6.29,6.95,5.65,6.26,OK,0
2026-09-17,CARR,Industrials,Building Products,0.039,-0.118,0.0897,91.998,1.02,0.734,38.85,3.4132,861750016.0,45175267328,2.82,0.76,3.79,4.09,FCF/NI:0.73|D/E:92,2
2026-09-17,CASY,Consumer Staples,Food Retail,0.243,0.277,0.1998,70.547,1.019,0.6513,29.3029,5.487,503306880.0,22451453952,6.55,10.0,5.26,4.03,FCF/NI:0.65,1
2026-09-17,CAT,Industrials,Construction Machinery & Heavy Transportation Equipment,0.24,0.682,0.5697,232.783,1.368,0.4656,34.3471,18.9266,5048999936.0,367082569728,6.47,10.0,5.79,3.13,FCF/NI:0.47|D/E:233,2
2026-09-17,CB,Financials,Property & Casualty Insurance,0.061,-0.007,0.1482,30.941,0.41,0.9377,12.1198,1.7493,10488000512.0,131904970752,4.72,1.08,6.03,7.44,OK,0
2026-09-17,CBOE,Financials,Financial Exchanges & Data,0.229,0.502,0.263,28.09,1.565,0.5034,20.8011,4.956,678249984.0,27848620032,7.1,10.0,6.88,3.96,FCF/NI:0.50,1
2026-09-17,CBRE,Real Estate,Real Estate Services,0.155,-0.042,0.158,117.789,1.141,1.2587,31.9541,4.8084,1637624960.0,40343633920,5.95,5.0,7.24,5.55,D/E:118,1
2026-09-17,CCI,Real Estate,Telecom Tower REITs,-0.049,-0.675,,,0.522,0.9649,30.098,-9.6066,1036249984.0,31373082624,3.34,0.0,5.55,4.67,OK,0
2026-09-17,CCL,Consumer Discretionary,"Hotels, Resorts & Cruise Lines",0.053,-0.065,0.2669,201.556,0.334,0.6189,9.9865,2.3455,1899374976.0,30365122560,4.68,1.95,4.0,8.67,FCF/NI:0.62|D/E:202,2
2026-09-17,CDNS,Information Technology,Application Software,0.242,1.254,0.2323,38.661,1.743,1.1681,55.7064,11.2746,1609676544.0,77438099456,5.98,7.79,6.11,3.72,OK,0
2026-09-17,CDW,Information Technology,Technology Distributors,0.1,0.049,0.4401,263.278,1.167,0.6265,17.9327,7.6552,676787520.0,18652598272,4.35,0.86,5.78,6.76,FCF/NI:0.63|D/E:263,2
2026-09-17,CEG,Utilities,Electric Utilities,0.23,-0.468,0.1506,76.419,1.455,-1.912,25.6892,2.92,-6625124864.0,93111975936,4.72,5.0,6.25,2.61,FCF/NI:-1.91,1
2026-09-17,CF,Materials,Fertilizers & Agricultural Chemicals,0.176,0.996,0.2987,40.504,4.86,0.6083,9.9273,3.5293,1276749952.0,20252069888,8.93,9.94,7.93,8.9,FCF/NI:0.61,1
2026-09-17,CFG,Financials,Regional Banks,0.147,0.413,0.0827,,,,14.6819,1.1833,,28383105024,6.03,8.3,4.23,5.48,OK,0
2026-09-17,CHD,Consumer Staples,Household Products,0.016,0.09,0.1704,55.851,1.147,1.2611,30.4647,5.1841,939262528.0,22546231296,4.62,2.36,6.09,5.55,OK,0
2026-09-17,CHRW,Industrials,Air Freight & Logistics,0.193,0.238,0.3712,121.188,1.582,0.7589,29.2991,11.0678,480618368.0,17974061056,6.96,9.69,6.39,4.44,D/E:121,1
2026-09-17,CHTR,Communication Services,Cable & Satellite,-0.017,0.161,0.272,441.578,0.361,0.4465,3.4705,0.9384,2198374912.0,17332445184,6.38,5.0,4.93,9.69,FCF/NI:0.45|D/E:442,2
2026-09-17,CI,Health Care,Health Care Services,0.067,0.102,0.1676,74.29,0.846,1.2438,11.4191,1.7077,7980125184.0,72930369536,6.05,3.64,5.93,8.99,OK,0
2026-09-17,CIEN,Information Technology,Communications Equipment,0.37,4.229,0.224,107.496,3.797,0.9678,77.1861,15.9804,633368384.0,48817586176,6.27,9.52,6.03,2.77,D/E:107,1
2026-09-17,CINF,Financials,Property & Casualty Insurance,0.316,0.855,0.2148,5.255,1.151,0.8972,8.0217,1.5633,2984875008.0,26075920384,8.61,10.0,7.5,8.28,OK,0
2026-09-17,CL,Consumer Staples,Household Products,0.049,-0.055,2.6737,1388.163,1.026,1.6969,34.5394,296.3851,3458374912.0,69935972352,4.94,2.47,6.75,5.72,D/E:1388,1
2026-09-17,CLX,Consumer Staples,Household Products,-0.02,-0.501,1.6376,2221.429,0.658,0.188,17.6715,114.2473,110375000.0,10279135232,2.91,0.0,5.37,3.43,FCF/NI:0.19|D/E:2221,2
2026-09-17,CMCSA,Communication Services,Cable & Satellite,-0.012,-0.668,0.1149,100.474,0.796,1.1338,7.3429,0.9051,12697624576.0,81299267584,4.69,0.0,5.06,9.73,D/E:100,1
2026-09-17,CME,Financials,Financial Exchanges & Data,0.008,0.025,0.158,14.587,1.018,0.6821,22.9788,3.6733,2909012480.0,97499914240,3.47,0.0,6.16,4.39,FCF/NI:0.68,1
2026-09-17,CMG,Consumer Discretionary,Restaurants,0.093,-0.013,0.4956,246.35,0.715,0.7866,31.0278,19.3141,1116464384.0,42404155392,4.51,3.79,5.75,3.91,D/E:246,1
2026-09-17,CMI,Industrials,Construction Machinery & Heavy Transportation Equipment,0.094,0.047,0.2111,59.586,1.727,0.8211,26.7695,5.6137,2229374976.0,72289714176,4.66,3.06,5.86,5.11,OK,0
2026-09-17,CMS,Utilities,Multi-Utilities,-0.005,-0.439,0.0916,185.604,0.936,-2.1642,19.8799,2.1738,-2198874880.0,20450478080,2.37,0.0,4.21,3.0,FCF/NI:-2.16|D/E:186,2
2026-09-17,CNC,Health Care,Managed Health Care,0.046,,-0.2036,71.082,1.145,-1.8901,,1.4691,9639624704.0,33147064320,4.59,3.94,2.71,7.53,FCF/NI:-1.89|ROE:-20.4%,2
2026-09-17,CNP,Utilities,Multi-Utilities,0.107,0.233,0.0983,210.256,1.123,-4.6481,22.9524,2.1671,-5191875072.0,25400254464,5.86,10.0,4.3,2.84,FCF/NI:-4.65|D/E:210,2
2026-09-17,COF,Financials,Consumer Finance,11.11,,0.0903,,,,11.1378,1.2036,,123951546368,5.89,7.5,4.31,5.85,OK,0
2026-09-17,COHR,Information Technology,Electronic Components,0.337,,0.0798,31.612,2.427,-0.8442,71.8398,5.3138,-649981632.0,57962430464,4.59,6.57,4.25,2.68,FCF/NI:-0.84,1
2026-09-17,COIN,Financials,Financial Exchanges & Data,-0.173,,-0.0785,50.982,2.423,-2.7015,,3.5085,2668452864.0,45899710464,4.05,2.5,3.21,6.83,FCF/NI:-2.70|RevG:-17.3%|ROE:-7.8%,3
2026-09-17,COO,Health Care,Health Care Supplies,0.006,3.571,0.0684,33.634,1.222,0.9515,18.4794,1.2275,542649984.0,10225601536,6.19,5.0,5.75,8.11,OK,0
2026-09-17,COP,Energy,Oil & Gas Exploration & Production,0.355,1.07,0.1418,35.639,1.542,0.8312,17.6411,2.4485,7691375104.0,160006144000,6.62,7.5,5.87,6.47,OK,0
2026-09-17,COR,Health Care,Health Care Distributors,0.051,0.119,0.9687,446.516,0.935,0.7785,22.9703,19.3526,2043314048.0,59043835904,5.06,3.26,6.79,5.16,D/E:447,1
2026-09-17,COST,Consumer Staples,Consumer Staples Merchandise Retail,0.116,0.152,0.2915,24.567,1.072,0.7869,45.057,11.8318,6954375168.0,396439027712,6.62,8.54,7.7,3.12,OK,0
2026-09-17,CPAY,Financials,Transaction & Payment Processing Services,0.215,-0.07,0.2922,275.291,0.972,1.717,24.5751,7.4937,1946175872.0,26543550464,5.84,5.0,6.36,6.2,D/E:275,1
2026-09-17,CPRT,Industrials,Diversified Support Services,0.024,-0.146,0.1616,0.97,7.912,0.5963,19.1355,3.0225,885121728.0,28571727872,4.17,0.27,6.47,6.03,FCF/NI:0.60,1
2026-09-17,CPT,Real Estate,Multi-Family Residential REITs,-0.008,-0.757,0.0789,125.648,0.352,0.4291,33.3102,2.7222,139679632.0,10147436544,2.5,0.0,4.09,3.54,FCF/NI:0.43|D/E:126,2
2026-09-17,CRH,Materials,Construction Materials,0.056,0.139,0.1581,77.592,1.579,0.5294,15.318,2.4021,2019124992.0,57680162816,5.35,4.51,5.17,6.53,FCF/NI:0.53,1
2026-09-17,CRL,Health Care,Life Sciences Tools & Services,-0.027,,-0.0752,105.047,1.348,-1.9662,,4.7343,468856000.0,13446608896,3.33,2.5,2.54,5.22,FCF/NI:-1.97|D/E:105|ROE:-7.5%,3
2026-09-17,CRM,Information Technology,Application Software,0.108,1.189,0.1938,110.417,0.839,1.8352,22.239,5.2078,17731874816.0,199865548800,6.24,5.97,4.96,8.04,D/E:110,1
2026-09-17,CRWD,Information Technology,Systems Software,0.258,,0.0146,15.958,1.57,44.3468,4914.0,49.3076,1995385472.0,251580792832,4.39,5.5,5.63,1.64,OK,0
2026-09-17,CSCO,Information Technology,Communications Equipment,0.176,0.521,0.2732,62.017,0.931,0.8429,33.1051,8.651,11182624768.0,434630754304,5.18,4.95,5.78,4.75,OK,0
2026-09-17,CSGP,Real Estate,Real Estate Services,0.184,12.61,0.0089,14.537,2.214,5.577,162.75,1.495,412700000.0,11870263296,6.97,10.0,5.91,4.68,OK,0
2026-09-17,CSX,Industrials,Rail Transportation,0.101,0.227,0.2436,138.068,0.82,0.606,27.8488,6.301,1953250048.0,88733548544,5.4,7.21,4.53,4.31,FCF/NI:0.61|D/E:138,2
2026-09-17,CTAS,Industrials,Diversified Support Services,0.089,0.156,0.4071,52.646,1.434,0.7345,40.3177,15.4114,1464424832.0,79217573888,5.11,5.27,6.41,3.4,FCF/NI:0.73,1
2026-09-17,CTSH,Information Technology,IT Consulting & Other Services,0.045,0.038,0.1492,14.479,2.182,0.998,13.279,1.934,2215500032.0,29269239808,5.39,0.11,6.73,10.0,OK,0
2026-09-17,CTVA,Materials,Fertilizers & Agricultural Chemicals,-0.012,-0.099,0.0426,19.191,1.516,2.2279,49.4121,2.1615,2417250048.0,54396489728,3.83,0.0,5.98,5.79,OK,0
2026-09-17,CVNA,Consumer Discretionary,Automotive Retail,0.524,0.615,0.5877,110.88,3.926,0.2706,34.836,11.7529,424375008.0,72981250048,6.36,10.0,6.23,2.26,FCF/NI:0.27|D/E:111,2
2026-09-17,CVS,Health Care,Health Care Services,0.071,1.888,0.0621,95.503,0.866,1.6515,23.8179,1.4474,8076000256.0,115452649472,6.53,7.5,4.57,7.69,D/E:96,1
2026-09-17,CVX,Energy,Integrated Oil & Gas,0.535,3.219,0.1223,18.959,1.252,1.0652,20.3628,2.1856,21934000128.0,415016419328,7.39,9.02,6.32,6.75,OK,0
2026-09-17,D,Utilities,Multi-Utilities,0.176,-0.58,0.0828,160.459,0.809,-3.6637,22.2457,2.0255,-9181124608.0,56544722944,4.07,5.0,4.14,2.9,FCF/NI:-3.66|D/E:160,2
2026-09-17,DAL,Industrials,Passenger Airlines,0.187,-0.254,0.2013,96.649,0.424,0.7133,13.1725,2.3815,2817374976.0,52234997760,5.93,5.0,4.31,8.89,FCF/NI:0.71|D/E:97,2
2026-09-17,DASH,Consumer Discretionary,Specialized Consumer Services,0.356,-0.3,0.0889,33.276,1.368,6.1207,101.8639,8.4964,5147500032.0,84302446592,5.54,5.0,5.85,5.82,OK,0
2026-09-17,DD,Industrials,Industrial Conglomerates,0.04,1.496,0.0179,22.902,2.427,5.9975,55.1331,1.2599,1835250048.0,17344593920,6.32,5.79,5.91,7.41,OK,0
2026-09-17,DDOG,Information Technology,Application Software,0.356,14.985,0.047,29.259,3.205,5.9206,462.7451,19.3983,1051412352.0,84741701632,5.89,9.33,5.6,2.21,OK,0
2026-09-17,DE,Industrials,Agricultural & Farm Machinery,0.049,0.074,0.1824,230.298,2.132,0.9268,38.0694,6.6046,4516250112.0,184863277056,3.81,2.2,5.12,4.16,D/E:230,1
2026-09-17,DECK,Consumer Discretionary,Footwear,0.057,0.011,0.4256,20.521,2.747,0.8587,11.3385,4.7351,871420352.0,10855055360,5.81,2.13,7.69,7.89,OK,0
2026-09-17,DELL,Information Technology,"Technology Hardware, Storage & Peripherals",0.577,2.729,,,0.962,0.5303,34.2491,-266.0036,6033375232.0,374112223232,6.26,10.0,4.93,3.46,FCF/NI:0.53,1
2026-09-17,DG,Consumer Staples,Consumer Staples Merchandise Retail,0.052,0.333,0.1969,169.811,1.209,1.0203,16.2273,2.9677,1738019712.0,27566065664,6.89,7.65,5.43,7.72,D/E:170,1
2026-09-17,DGX,Health Care,Health Care Services,0.102,0.15,0.146,81.074,1.591,0.8598,26.2965,3.6216,909625024.0,27311888384,5.7,5.96,5.85,5.21,D/E:81,1
2026-09-17,DHI,Consumer Discretionary,Homebuilding,0.0,-0.048,0.1263,29.451,6.011,0.7907,13.395,1.6545,2413900032.0,39264468992,4.89,0.0,6.71,8.47,OK,0
2026-09-17,DHR,Health Care,Life Sciences Tools & Services,0.055,0.597,0.0761,52.97,1.651,1.084,37.9464,2.8407,4325125120.0,149384527872,5.66,6.82,5.4,4.6,OK,0
2026-09-17,DIS,Communication Services,Movies & Entertainment,0.068,-0.483,0.0801,39.404,0.709,0.5652,21.7217,1.6564,4860375040.0,181906456576,3.64,1.52,4.76,4.8,FCF/NI:0.57,1
2026-09-17,DLR,Real Estate,Data Center REITs,0.299,-0.587,0.0291,67.944,0.89,4.9697,89.8829,2.5532,3768482048.0,69588312064,5.32,5.0,4.97,6.1,OK,0
2026-09-17,DLTR,Consumer Staples,Consumer Staples Merchandise Retail,0.07,1.972,0.4603,223.945,1.134,0.6487,14.0196,6.2682,1049587520.0,21464907776,7.42,8.74,6.31,7.18,FCF/NI:0.65|D/E:224,2
2026-09-17,DOC,Real Estate,Health Care REITs,0.111,0.682,0.0304,108.653,2.286,6.7772,58.5714,1.8017,1645113088.0,14533419008,7.23,10.0,5.02,6.57,D/E:109,1
2026-09-17,DOV,Industrials,Industrial Machinery & Supplies & Components,0.069,0.141,0.1491,42.316,1.979,0.8026,22.8827,3.3083,906472128.0,25486886912,5.39,4.3,5.91,6.03,OK,0
2026-09-17,DOW,Materials,Commodity Chemicals,0.197,,-0.0554,111.913,1.749,-0.1826,,1.3431,237624992.0,21301827584,4.75,7.5,2.63,4.0,FCF/NI:-0.18|D/E:112|ROE:-5.5%,3
2026-09-17,DPZ,Consumer Discretionary,Restaurants,0.043,0.068,,,1.538,0.891,16.8832,-2.4716,531496512.0,9846778880,5.02,3.25,5.85,6.12,OK,0
2026-09-17,DRI,Consumer Discretionary,Restaurants,0.137,0.36,0.5372,364.507,0.314,0.6517,19.7837,10.6837,790974976.0,23473625088,6.74,10.0,4.94,5.03,FCF/NI:0.65|D/E:365,2
2026-09-17,DTE,Utilities,Multi-Utilities,-0.015,0.224,0.1103,229.06,0.802,-1.9761,20.6066,2.2342,-2596624896.0,27143008256,4.16,5.0,4.35,2.94,FCF/NI:-1.98|D/E:229,2
2026-09-17,DUK,Utilities,Electric Utilities,0.011,0.106,0.0986,162.155,0.661,-0.8664,17.8524,1.7193,-4477374976.0,92425904128,3.46,2.75,4.34,3.26,FCF/NI:-0.87|D/E:162,2
2026-09-17,DVA,Health Care,Health Care Services,0.052,0.558,0.8848,1241.986,1.467,1.2675,15.503,-15.3047,1042460032.0,11751631872,6.94,6.7,6.87,7.29,D/E:1242,1
2026-09-17,DVN,Energy,Oil & Gas Exploration & Production,0.642,0.44,0.1152,28.488,0.717,0.2386,10.5913,1.342,782625024.0,53592002560,5.61,7.43,4.3,5.0,FCF/NI:0.24,1
2026-09-17,DXCM,Health Care,Health Care Equipment,0.131,0.436,0.3849,53.346,1.733,1.0215,34.7549,12.6591,1021162496.0,33181331456,7.58,10.0,7.88,4.42,OK,0
2026-09-17,EBAY,Consumer Discretionary,Broadline Retail,0.148,0.55,0.4661,153.012,1.019,0.72,23.7185,10.7698,1579624960.0,50240499712,6.71,10.0,5.19,4.65,FCF/NI:0.72|D/E:153,2
2026-09-17,ECHO,Communication Services,Wireless Telecommunication Services,-0.04,,-0.3343,123.757,5.201,3.3264,,1.9304,-18870501376.0,27329368064,3.36,2.5,4.44,3.09,D/E:124|ROE:-33.4%,2
2026-09-17,ECL,Materials,Specialty Chemicals,0.097,0.033,0.2196,138.023,1.841,0.6969,36.4671,7.574,1474824960.0,76159672320,4.06,2.9,5.62,3.59,FCF/NI:0.70|D/E:138,2
2026-09-17,ED,Utilities,Multi-Utilities,0.132,0.221,0.0896,110.113,1.268,-0.3811,17.6118,1.5405,-844875008.0,39601250304,6.16,10.0,4.73,3.34,FCF/NI:-0.38,1
2026-09-17,EFX,Industrials,Research & Consulting Services,0.106,0.007,0.1427,120.956,0.602,1.3705,28.375,4.3271,947537472.0,18935040000,4.65,2.92,4.62,6.72,D/E:121,1
2026-09-17,EG,Financials,Reinsurance,-0.113,-0.115,0.1257,23.26,0.388,1.0924,8.0313,0.9534,2064625024.0,14574840832,4.81,0.0,6.26,8.72,RevG:-11.3%,1
2026-09-17,EIX,Utilities,Electric Utilities,-0.041,0.551,0.1973,228.042,0.662,0.022,5.7276,1.2241,82375000.0,21357176832,5.34,5.0,5.7,5.32,FCF/NI:0.02|D/E:228,2
2026-09-17,EL,Consumer Staples,Personal Care Products,0.063,,0.0474,242.932,1.222,9.9567,187.72,8.9221,1812125056.0,33958070272,5.14,5.82,4.11,5.55,D/E:243,1
2026-09-17,ELV,Health Care,Managed Health Care,0.014,-0.131,0.1113,68.953,1.518,0.8677,18.322,2.0014,4306375168.0,89840279552,4.15,0.09,5.54,7.25,OK,0
2026-09-17,EME,Industrials,Construction & Engineering,0.198,0.348,0.4035,13.432,1.277,0.6798,22.7255,7.9096,978281600.0,32167585792,7.6,10.0,7.3,5.16,FCF/NI:0.68,1
2026-09-17,EMR,Industrials,Electrical Components & Equipment,0.07,0.23,0.128,67.677,0.896,1.4388,32.3246,4.0345,3706249984.0,82558730240,5.8,6.28,4.97,6.21,OK,0
2026-09-17,EOG,Energy,Oil & Gas Exploration & Production,0.587,1.094,0.2251,25.891,1.851,0.6514,11.3118,2.3991,4478750208.0,77481476096,7.87,9.46,6.41,7.7,FCF/NI:0.65,1
2026-09-17,EQIX,Real Estate,Data Center REITs,0.167,0.288,0.1074,162.217,1.131,2.4631,65.9768,7.0387,3776000000.0,101231222784,7.0,10.0,6.03,4.62,D/E:162,1
2026-09-17,EQT,Energy,Oil & Gas Exploration & Production,-0.039,-0.74,0.1108,19.595,0.673,0.9075,11.6821,1.2469,2460903936.0,31494731776,4.53,0.0,5.97,8.12,OK,0
2026-09-17,ERIE,Financials,Insurance Brokers,0.028,0.032,0.2481,2.56,1.246,0.834,22.1971,5.1798,481207744.0,12779120640,4.32,0.22,7.86,4.96,OK,0
2026-09-17,ES,Utilities,Electric Utilities,0.023,-0.854,0.0902,180.7,0.8,0.5602,17.9195,1.59,811961344.0,25986789376,3.63,1.07,4.67,5.4,FCF/NI:0.56|D/E:181,2
2026-09-17,ESS,Real Estate,Multi-Family Residential REITs,0.031,-0.718,0.0771,122.409,0.249,2.5225,42.1151,3.2695,1043926720.0,18665211904,4.25,1.25,5.29,6.54,D/E:122,1
2026-09-17,ETN,Industrials,Electrical Components & Equipment,0.214,-0.159,0.1968,105.059,1.24,0.8112,41.6541,7.852,3106125056.0,158993317888,4.67,5.0,5.23,3.63,D/E:105,1
2026-09-17,ETR,Utilities,Electric Utilities,0.059,-0.019,0.1025,186.77,0.912,-2.4489,26.422,2.6446,-4400858112.0,49359187968,3.55,3.52,4.38,2.62,FCF/NI:-2.45|D/E:187,2
2026-09-17,EVRG,Utilities,Electric Utilities,0.044,0.23,0.0925,160.554,0.359,-1.559,20.57,1.8232,-1443362560.0,18639048704,4.99,7.5,4.16,3.05,FCF/NI:-1.56|D/E:161,2
2026-09-17,EW,Health Care,Health Care Equipment,0.136,-0.254,0.0917,6.568,4.522,1.2577,52.5298,4.7923,1232412544.0,50814349312,5.41,5.0,7.22,3.78,OK,0
2026-09-17,EXC,Utilities,Electric Utilities,0.099,-0.002,0.0971,177.362,1.088,-0.9648,15.6765,1.4821,-2685125120.0,43930025984,4.34,5.0,4.38,3.54,FCF/NI:-0.96|D/E:177,2
2026-09-17,EXE,Energy,Oil & Gas Exploration & Production,-0.106,-0.455,0.1489,19.207,0.959,0.5272,7.6147,1.0665,1466249984.0,21131083776,4.79,0.0,5.74,9.25,FCF/NI:0.53|RevG:-10.6%,2
2026-09-17,EXPD,Industrials,Air Freight & Logistics,0.321,0.515,0.4267,26.745,1.566,0.868,27.5627,11.6036,797562240.0,24578627584,7.89,10.0,8.29,4.96,OK,0
2026-09-17,EXPE,Consumer Discretionary,"Hotels, Resorts & Cruise Lines",0.14,1.887,0.8949,230.271,0.801,1.6868,17.8962,28.2432,3434374912.0,34151503872,7.98,10.0,7.02,6.73,D/E:230,1
2026-09-17,EXR,Real Estate,Self-Storage REITs,0.038,0.06,0.0695,101.674,0.886,1.5683,30.6909,2.2155,1499437568.0,30684274688,5.02,3.29,5.45,6.54,D/E:102,1
2026-09-17,F,Consumer Discretionary,Automobile Manufacturers,-0.038,,-0.1825,456.708,1.089,1.0736,,1.5193,-7940250112.0,54271176704,3.27,2.5,3.41,4.0,D/E:457|ROE:-18.3%,2
2026-09-17,FANG,Energy,Oil & Gas Exploration & Production,0.525,1.795,0.0349,28.678,0.467,3.4537,37.5124,1.4579,5035500032.0,55401844736,6.76,8.94,4.62,6.73,OK,0
2026-09-17,FAST,Industrials,Trading Companies & Distributors,0.147,0.146,0.3433,10.851,4.18,0.6776,42.0342,13.8691,916124992.0,56433934336,6.06,6.93,7.64,3.21,FCF/NI:0.68,1
2026-09-17,FCX,Materials,Copper,-0.073,0.281,0.1475,32.149,2.066,0.7354,34.7304,5.0596,2159249920.0,101741838336,5.06,5.0,6.14,3.88,FCF/NI:0.74,1
2026-09-17,FDS,Financials,Financial Exchanges & Data,0.064,-0.096,0.2703,77.284,0.683,1.0975,18.3817,4.909,621161344.0,9917452288,4.62,1.16,6.46,6.53,OK,0
2026-09-17,FDX,Industrials,Air Freight & Logistics,0.125,-0.043,0.1485,135.697,1.475,1.278,16.4806,2.3197,5656625152.0,72392753152,5.49,3.53,4.87,8.5,D/E:136,1
2026-09-17,FDXF,Industrials,Cargo Ground Transportation,0.048,-0.611,0.6909,,1.517,-0.7803,27.9384,-36.8141,-511124992.0,18296532992,3.32,1.05,6.35,2.44,FCF/NI:-0.78,1
2026-09-17,FE,Utilities,Electric Utilities,0.088,0.083,0.0949,200.908,0.541,-1.8568,24.4545,2.0457,-2014625024.0,26451656704,4.67,6.85,4.1,2.8,FCF/NI:-1.86|D/E:201,2
2026-09-17,FERG,Industrials,Trading Companies & Distributors,0.046,0.069,,111.063,1.729,,21.0886,6.6843,,41449177088,4.0,1.99,4.9,5.3,D/E:111,1
2026-09-17,FFIV,Information Technology,Communications Equipment,0.109,0.114,0.1983,6.546,1.665,0.9871,34.6587,6.4055,717135488.0,24611305472,4.4,1.26,6.91,5.13,OK,0
2026-09-17,FICO,Information Technology,Application Software,0.257,0.412,,,1.183,0.9502,28.0087,-5.0936,774413504.0,20869795840,5.34,5.3,5.74,4.91,OK,0
2026-09-17,FIS,Financials,Transaction & Payment Processing Services,0.291,,0.2235,132.51,0.535,0.7866,5.596,1.1721,2653125120.0,18829907968,7.47,7.5,5.73,9.45,OK,0
2026-09-17,FISV,Financials,Transaction & Payment Processing Services,,,,,,,9.4444,0.973,,26216099840,5.41,5.0,5.0,6.36,OK,0
2026-09-17,FITB,Financials,Regional Banks,0.518,-0.057,0.0844,,,,17.936,1.4951,,48293142528,4.75,5.0,4.25,5.06,OK,0
2026-09-17,FIX,Industrials,Construction & Engineering,0.503,0.919,0.5529,11.498,1.214,1.2841,38.7293,85.751,1841915392.0,55394463744,7.91,10.0,8.75,4.47,OK,0
2026-09-17,FLEX,Information Technology,Electronic Manufacturing Services,0.206,0.52,0.1838,107.818,1.38,0.6431,42.0927,7.3217,625750016.0,40272310272,4.5,5.35,4.31,3.74,FCF/NI:0.64|D/E:108,2
2026-09-17,FOX,Communication Services,Broadcasting,0.281,0.031,0.1429,64.06,3.169,0.3296,15.2161,2.1084,555374976.0,24566161408,5.58,6.71,5.13,4.79,FCF/NI:0.33,1
2026-09-17,FOXA,Communication Services,Broadcasting,0.281,0.031,0.1429,64.06,3.169,0.3296,16.9219,2.3447,555374976.0,27320029184,5.47,6.71,5.13,4.4,FCF/NI:0.33,1
2026-09-17,FRT,Real Estate,Retail REITs,0.072,-0.456,0.1255,134.114,0.564,1.069,22.5778,3.03,456137632.0,9714000896,5.47,3.58,6.33,6.68,D/E:134,1
2026-09-17,FSLR,Information Technology,Semiconductors,-0.037,0.233,0.1851,1.88,2.518,0.9156,12.402,2.0947,1598684800.0,21618624512,5.86,1.09,7.07,10.0,OK,0
2026-09-17,FTNT,Information Technology,Systems Software,0.256,0.439,1.1744,36.194,1.282,1.0683,60.9823,81.6367,2265587456.0,126624309248,5.58,5.48,7.79,3.11,OK,0
2026-09-17,FTV,Industrials,Industrial Machinery & Supplies & Components,0.079,0.04,0.0732,59.283,1.241,1.5595,29.1376,2.7497,939112512.0,16788696064,4.77,2.42,4.83,7.44,OK,0
2026-09-17,GD,Industrials,Aerospace & Defense,0.081,0.134,0.178,35.335,1.441,0.9806,21.6778,3.5846,4400124928.0,96304832512,5.81,4.54,6.19,6.86,OK,0
2026-09-17,GDDY,Information Technology,Internet Services & Infrastructure,0.066,0.298,4.4286,57334.33,0.632,1.3237,14.584,1851.8868,1204950016.0,12430472192,5.47,1.93,6.58,8.29,D/E:57334,1
2026-09-17,GE,Industrials,Aerospace & Defense,0.211,0.194,0.4823,113.225,0.982,0.7357,36.9658,18.4383,6594625024.0,325244715008,6.31,8.73,6.21,3.59,FCF/NI:0.74|D/E:113,2
2026-09-17,GEHC,Health Care,Health Care Equipment,0.058,0.168,0.1938,93.965,1.264,0.7925,14.8491,2.6523,1573124992.0,29315500032,6.1,4.42,6.21,7.93,D/E:94,1
2026-09-17,GEN,Information Technology,Systems Software,0.063,0.64,0.4194,307.831,0.466,1.4693,17.6667,6.8133,1547124992.0,18083313664,6.14,4.23,6.16,8.36,D/E:308,1
2026-09-17,GEV,Industrials,Heavy Electrical Equipment,0.219,0.328,0.8258,28.364,0.85,1.6499,26.5175,20.6021,15722125312.0,246339928064,8.51,10.0,8.57,6.71,OK,0
2026-09-17,GILD,Health Care,Biotechnology,0.102,,-0.2068,223.465,1.265,-3.0151,,15.8298,9768875008.0,187096842240,4.91,6.31,2.25,6.39,FCF/NI:-3.02|D/E:223|ROE:-20.7%,3
2026-09-17,GIS,Consumer Staples,Packaged Foods & Meats,0.012,,-0.0103,188.879,0.682,-26.3527,,3.5407,2308499968.0,19599515648,3.88,2.73,2.33,7.04,FCF/NI:-26.35|D/E:189|ROE:-1.0%,3
2026-09-17,GL,Financials,Life & Health Insurance,0.08,0.197,0.2094,55.675,0.795,0.9598,11.4611,2.1562,1163503360.0,13238085632,5.79,4.07,6.12,7.41,OK,0
2026-09-17,GLW,Information Technology,Electronic Components,0.166,0.185,0.1681,71.448,1.813,0.3866,67.7982,10.6615,734499968.0,127054471168,3.0,2.52,4.01,2.4,FCF/NI:0.39,1
2026-09-17,GM,Consumer Discretionary,Automobile Manufacturers,0.019,-0.262,0.0316,202.341,1.136,11.8114,38.6696,1.2252,21933750272.0,78343593984,3.75,0.38,3.99,7.41,D/E:202,1
2026-09-17,GNRC,Industrials,Heavy Electrical Equipment,0.106,0.92,0.0949,49.003,2.045,1.1195,47.7488,4.2492,289056512.0,12227738624,5.91,7.92,5.41,4.14,OK,0
2026-09-17,GOOG,Communication Services,Interactive Media & Services,0.242,2.94,0.4868,18.859,2.724,0.0928,17.253,6.7526,22665000960.0,4203184128000,7.15,10.0,7.96,2.88,FCF/NI:0.09,1
2026-09-17,GOOGL,Communication Services,Interactive Media & Services,0.242,2.94,0.4868,18.859,2.724,0.0928,17.4362,6.8243,22665000960.0,4247823319040,7.14,10.0,7.96,2.86,FCF/NI:0.09,1
2026-09-17,GPC,Consumer Discretionary,Distributors,0.06,-0.098,0.0071,146.415,1.159,27.9937,523.52,3.9865,917241984.0,18043086848,3.9,2.27,4.06,5.6,D/E:146,1
2026-09-17,GPN,Financials,Transaction & Payment Processing Services,0.686,-0.952,0.0243,98.273,0.825,15.9205,40.4739,0.9822,7867763200.0,22598410240,5.21,5.0,3.99,6.88,OK,0
2026-09-17,GRMN,Consumer Discretionary,Consumer Electronics,0.114,0.353,0.2189,2.513,3.028,0.5559,28.4159,5.883,1043656256.0,53102956544,6.68,9.76,6.15,3.71,FCF/NI:0.56,1
2026-09-17,GS,Financials,Investment Banking & Brokerage,0.425,0.923,0.169,725.381,1.563,,14.7013,2.628,,277040824320,6.56,10.0,4.49,4.97,D/E:725,1
2026-09-17,GWW,Industrials,Industrial Machinery & Supplies & Components,0.103,0.205,0.4609,61.977,2.805,0.6672,32.1602,14.3959,1247750016.0,59611758592,5.98,6.8,7.01,3.82,FCF/NI:0.67,1
2026-09-17,HAL,Energy,Oil & Gas Equipment & Services,0.037,0.161,0.1492,74.186,2.018,1.2811,17.8168,2.5778,2052249984.0,28428584960,4.28,0.6,5.65,6.99,OK,0
2026-09-17,HAS,Consumer Discretionary,Leisure Products,0.162,,1.5956,531.042,1.661,0.8666,15.7936,17.7804,688150016.0,12519106560,7.18,7.5,7.06,6.95,D/E:531,1
2026-09-17,HBAN,Financials,Regional Banks,0.476,-0.029,0.09,,,,12.2154,1.0787,,32084187136,5.0,5.0,4.3,5.82,OK,0
2026-09-17,HCA,Health Care,Health Care Facilities,0.087,0.116,,,0.993,0.5465,14.3828,-14.0793,3738125056.0,95178153984,5.24,4.73,4.94,6.18,FCF/NI:0.55,1
2026-09-17,HD,Consumer Discretionary,Home Improvement Retail,0.057,0.046,1.043,380.261,1.078,0.7565,21.1842,18.1688,10762625024.0,301811105792,5.05,3.16,6.95,5.02,D/E:380,1
2026-09-17,HIG,Financials,Property & Casualty Insurance,0.081,0.361,0.2206,22.33,1.772,1.3509,9.1948,1.8739,5507500032.0,36063899648,7.36,6.59,7.68,7.87,OK,0
2026-09-17,HII,Industrials,Aerospace & Defense,0.109,0.365,0.1297,55.252,1.23,-0.4542,16.4964,2.0558,-300249984.0,10920591360,5.6,8.02,4.01,4.65,FCF/NI:-0.45,1
2026-09-17,HLT,Consumer Discretionary,"Hotels, Resorts & Cruise Lines",0.025,0.141,,,0.649,0.88,44.3607,-10.8332,1393874944.0,68091142144,4.52,4.85,5.58,2.88,OK,0
2026-09-17,HON,Industrials,Industrial Conglomerates,0.043,2.639,0.4658,185.369,1.211,0.3158,7.9358,3.5305,2610374912.0,65444941824,6.4,5.89,5.48,8.07,FCF/NI:0.32|D/E:185,2
2026-09-17,HONA,Industrials,Aerospace & Defense,0.054,-0.709,,,1.526,,50.9543,-9.2984,,52972310528,3.33,1.24,5.1,3.69,OK,0
2026-09-17,HOOD,Financials,Investment Banking & Brokerage,0.323,0.476,0.2362,240.279,1.116,,48.5885,10.4135,,98728222720,6.44,10.0,5.13,3.8,D/E:240,1
2026-09-17,HPE,Information Technology,"Technology Hardware, Storage & Peripherals",0.337,4.102,0.1094,76.464,1.113,1.7714,31.4639,3.0575,4738625024.0,81028456448,7.2,9.07,4.62,8.01,OK,0
2026-09-17,HPQ,Information Technology,"Technology Hardware, Storage & Peripherals",0.125,-0.113,,,0.788,1.3831,13.229,-339.8039,3389874944.0,31256074240,4.94,1.2,5.63,8.51,OK,0
2026-09-17,HRL,Consumer Staples,Packaged Foods & Meats,-0.024,-0.672,0.0429,36.326,1.882,1.8136,33.4839,1.4566,621551616.0,11425282048,4.31,0.0,5.97,7.39,OK,0
2026-09-17,HSIC,Health Care,Health Care Distributors,0.067,0.171,0.0885,80.733,1.319,1.1067,24.793,3.0146,446000000.0,9687481344,5.41,4.86,5.11,6.39,D/E:81,1
2026-09-17,HST,Real Estate,Hotel & Resort REITs,0.036,0.084,0.1556,85.298,1.671,1.6479,14.698,2.3483,1692375040.0,15214509056,6.56,4.04,7.57,8.31,D/E:85,1
2026-09-17,HSY,Consumer Staples,Packaged Foods & Meats,0.066,6.31,0.3281,129.821,1.18,1.1709,22.9645,7.4125,1743636352.0,33821816832,7.25,8.5,6.59,6.55,D/E:130,1
2026-09-17,HUBB,Industrials,Industrial Machinery & Supplies & Components,0.153,-0.009,0.2444,141.642,1.609,0.5505,26.2266,5.9861,495812512.0,23421061120,4.52,4.44,4.76,4.33,FCF/NI:0.55|D/E:142,2
2026-09-17,HUM,Health Care,Managed Health Care,0.262,0.271,0.0689,76.485,1.742,1.5176,36.344,2.4032,1940999936.0,46173278208,6.76,9.3,5.05,5.78,OK,0
2026-09-17,HWM,Industrials,Aerospace & Defense,0.241,0.33,0.3473,81.368,1.818,0.6363,48.5505,15.7544,1189874944.0,90033405952,6.37,10.0,5.77,2.84,FCF/NI:0.64|D/E:81,2
2026-09-17,IBKR,Financials,Investment Banking & Brokerage,0.263,0.353,0.2402,205.748,1.093,,35.0714,6.745,,150583214080,6.47,9.88,5.19,4.0,D/E:206,1
2026-09-17,IBM,Information Technology,IT Consulting & Other Services,0.011,-0.018,0.3446,188.97,0.791,1.1256,21.1146,6.5016,12049750016.0,223992446976,4.41,0.0,5.83,7.89,D/E:189,1
2026-09-17,ICE,Financials,Financial Exchanges & Data,0.048,0.142,0.1409,69.226,1.012,0.8999,21.622,2.9102,3633625088.0,86061776896,4.37,2.4,5.37,5.51,OK,0
2026-09-17,IDXX,Health Care,Health Care Equipment,0.097,0.176,0.7421,67.971,1.172,0.7979,35.5924,24.7728,909368384.0,39952662528,5.91,6.21,7.5,3.7,OK,0
2026-09-17,IEX,Industrials,Industrial Machinery & Supplies & Components,0.064,0.109,0.1295,47.06,3.049,1.0695,31.8807,4.0968,555612480.0,16357707776,4.9,3.44,5.98,5.34,OK,0
2026-09-17,IFF,Materials,Specialty Chemicals,0.018,-0.916,-0.0555,44.821,2.061,2.1757,,1.5511,-1720999936.0,21677817856,2.67,0.06,4.66,3.38,ROE:-5.5%,1
2026-09-17,INCY,Health Care,Biotechnology,0.377,0.377,0.3067,0.603,4.593,0.7322,16.2573,4.0427,1180664576.0,25868285952,8.64,10.0,8.75,6.91,FCF/NI:0.73,1
2026-09-17,INTC,Information Technology,Semiconductors,0.254,,-0.1071,48.997,1.604,-0.4311,,6.2676,4866375168.0,575128272896,3.94,5.45,2.87,3.44,FCF/NI:-0.43|ROE:-10.7%,2
2026-09-17,INTU,Information Technology,Application Software,0.137,-0.014,0.236,44.34,1.507,1.3915,19.0353,4.4846,6353625088.0,83679608832,5.1,1.36,5.94,8.49,OK,0
2026-09-17,INVH,Real Estate,Single-Family Residential REITs,0.101,0.605,0.0705,94.425,0.43,1.7742,24.9083,1.7709,1168785536.0,16035420160,7.62,10.0,5.38,7.44,D/E:94,1
2026-09-17,IP,Materials,Paper & Plastic Packaging Products & Materials,-0.022,,-0.1648,68.509,1.098,-0.6042,,1.3022,1646499968.0,18826209280,4.09,2.5,2.72,7.54,FCF/NI:-0.60|ROE:-16.5%,2
2026-09-17,IQV,Health Care,Life Sciences Tools & Services,0.087,-0.006,0.2282,257.975,0.706,1.5635,33.5124,7.1868,2149750016.0,44349825024,5.03,3.18,6.08,5.96,D/E:258,1
2026-09-17,IR,Industrials,Industrial Machinery & Supplies & Components,0.085,,0.0947,47.903,1.616,1.1547,30.0207,2.7696,1107425024.0,28188157952,5.36,4.74,5.3,6.14,OK,0
2026-09-17,IRM,Real Estate,Other Specialized REITs,0.185,,,,0.726,-1.0417,80.8511,-26.4931,-436093504.0,33938120704,4.67,7.5,4.36,1.73,FCF/NI:-1.04,1
2026-09-17,ISRG,Health Care,Health Care Equipment,0.185,0.265,0.1742,,4.963,0.8332,43.9839,7.4709,2615200000.0,137413967872,6.65,9.19,6.92,3.37,OK,0
2026-09-17,IT,Information Technology,IT Consulting & Other Services,-0.006,0.331,1.1358,,0.88,1.3575,16.9037,-72.2864,1052553024.0,11859378176,5.56,1.76,7.4,7.83,OK,0
2026-09-17,ITW,Industrials,Industrial Machinery & Supplies & Components,0.061,0.101,1.0462,334.853,1.109,0.7617,24.231,26.3245,2432999936.0,76186853376,5.01,3.17,6.89,4.96,D/E:335,1
2026-09-17,IVZ,Financials,Asset Management & Custody Banks,0.205,,-0.0057,12.056,0.708,-3.6895,,1.3394,1140787456.0,13342123008,6.15,7.3,3.97,7.34,FCF/NI:-3.69|ROE:-0.6%,2
2026-09-17,J,Industrials,Construction & Engineering,0.345,-0.254,0.08,124.734,1.287,1.7969,47.8937,5.1726,645677888.0,17022539776,4.84,5.0,4.41,5.17,D/E:125,1
2026-09-17,JBHT,Industrials,Cargo Ground Transportation,0.194,0.458,0.1845,38.373,1.255,1.3388,33.6842,6.081,903028352.0,22235521024,7.3,10.0,6.06,5.6,OK,0
2026-09-17,JBL,Information Technology,Electronic Manufacturing Services,0.118,0.276,0.6588,297.136,0.981,1.4056,36.9925,23.4482,1211624960.0,31010691072,4.87,2.49,6.81,5.39,D/E:297,1
2026-09-17,JCI,Industrials,Building Products,0.093,0.153,0.1433,70.107,1.0,1.3689,39.7352,6.3378,2984124928.0,85445885952,5.14,5.34,5.07,4.98,OK,0
2026-09-17,JKHY,Financials,Transaction & Payment Processing Services,0.047,-0.104,0.2404,3.793,1.167,0.7006,22.3797,5.3343,352223744.0,10952291328,4.06,0.72,7.01,4.51,FCF/NI:0.70,1
2026-09-17,JNJ,Health Care,Pharmaceuticals,0.066,-0.009,0.2574,57.709,1.089,0.8026,31.3117,7.6584,16885125120.0,651202789376,4.59,2.29,7.23,4.21,OK,0
2026-09-17,JPM,Financials,Diversified Banks,0.304,0.469,0.1779,,,,14.9662,2.6263,,928531021824,6.79,10.0,5.16,4.95,OK,0
2026-09-17,KDP,Consumer Staples,Soft Drinks & Non-alcoholic Beverages,0.756,-0.9,0.051,99.649,0.479,3.4255,31.7475,1.7086,4607249920.0,42770759680,5.46,5.0,4.36,7.3,D/E:100,1
2026-09-17,KEY,Financials,Regional Banks,0.101,0.253,0.1033,,,,12.2515,1.2983,,22356344832,5.16,5.46,4.43,5.64,OK,0
2026-09-17,KEYS,Information Technology,Electronic Equipment & Instruments,0.365,1.091,0.209,42.094,2.024,1.4598,44.9715,8.5899,1867124992.0,56425922560,6.89,9.45,5.96,5.0,OK,0
2026-09-17,KHC,Consumer Staples,Packaged Foods & Meats,-0.014,,-0.0876,52.591,1.061,-0.9572,,0.8146,3250500096.0,29325420544,4.45,2.5,3.37,8.0,FCF/NI:-0.96|ROE:-8.8%,2
2026-09-17,KIM,Real Estate,Retail REITs,0.049,-0.058,0.0581,84.993,0.971,1.5189,26.2442,1.4736,871483392.0,15139716096,4.92,2.27,5.38,7.49,D/E:85,1
2026-09-17,KKR,Financials,Asset Management & Custody Banks,0.078,0.4,0.0728,69.812,0.856,,31.3706,3.0926,,90687356928,4.92,6.52,3.9,4.25,OK,0
2026-09-17,KLAC,Information Technology,Semiconductor Materials & Equipment,0.152,0.138,0.875,96.88,2.876,0.5433,46.0436,34.7839,2624587520.0,220780281856,3.99,2.01,6.88,2.93,FCF/NI:0.54|D/E:97,2
2026-09-17,KMB,Consumer Staples,Household Products,0.006,-0.323,1.0491,348.933,0.909,0.5585,19.4051,18.6602,941124992.0,32593223680,3.59,0.0,6.13,4.82,FCF/NI:0.56|D/E:349,2
2026-09-17,KMI,Energy,Oil & Gas Storage & Transportation,0.108,0.212,0.1099,98.619,0.458,0.3117,20.2,2.2023,1075000064.0,69659295744,2.8,1.36,3.42,3.76,FCF/NI:0.31|D/E:99,2
2026-09-17,KO,Consumer Staples,Soft Drinks & Non-alcoholic Beverages,0.067,0.169,0.4205,115.519,1.305,0.3645,26.4444,10.4821,5218749952.0,378882457600,5.79,7.55,6.17,3.29,FCF/NI:0.36|D/E:116,2
2026-09-17,KR,Consumer Staples,Food Retail,0.02,0.136,0.1444,413.24,0.702,2.3542,32.8378,6.5661,2535500032.0,36207001600,4.89,3.82,4.6,6.48,D/E:413,1
2026-09-17,KVUE,Consumer Staples,Personal Care Products,0.03,0.085,0.1558,81.617,1.005,1.1505,21.0235,3.2515,1907500032.0,34324224000,5.18,3.07,5.51,7.26,D/E:82,1
2026-09-17,L,Financials,Multi-line Insurance,0.039,0.156,0.0931,44.609,0.507,0.7481,13.2957,1.1587,1262000000.0,22151786496,4.64,2.38,4.34,7.63,FCF/NI:0.75,1
2026-09-17,LDOS,Industrials,Diversified Support Services,0.072,-0.067,0.2778,123.276,1.629,0.8333,12.2278,3.1102,1146625024.0,16472864768,5.34,1.82,5.79,8.91,D/E:123,1
2026-09-17,LEN,Consumer Discretionary,Homebuilding,-0.052,-0.315,0.0737,28.692,8.508,0.6741,12.4922,0.888,1077926016.0,19199342592,4.62,0.0,5.74,8.7,FCF/NI:0.67,1
2026-09-17,LH,Health Care,Health Care Services,0.058,0.282,0.1173,79.124,1.796,0.89,26.6719,3.0335,892049984.0,26173403136,5.81,6.44,5.6,5.34,OK,0
2026-09-17,LHX,Industrials,Aerospace & Defense,0.084,0.283,0.0934,52.753,1.184,0.8651,25.299,2.3451,1608999936.0,46639316992,6.14,7.21,5.06,6.14,OK,0
2026-09-17,LII,Industrials,Building Products,0.03,0.001,0.7176,156.082,1.569,0.3522,15.9662,9.5663,277737504.0,12410047488,3.77,0.47,5.96,5.08,FCF/NI:0.35|D/E:156,2
2026-09-17,LIN,Materials,Industrial Gases,0.093,0.113,0.184,68.947,0.879,0.5744,29.6176,5.408,4160750080.0,211350192128,4.77,4.94,5.32,3.91,FCF/NI:0.57,1
2026-09-17,LITE,Information Technology,Communications Equipment,1.093,,-2.4003,35.987,1.678,-0.0324,,17.0491,224700000.0,80156819456,4.56,7.5,3.16,2.76,FCF/NI:-0.03|ROE:-240.0%,2
2026-09-17,LLY,Health Care,Pharmaceuticals,0.477,0.262,1.0229,162.071,1.355,0.4143,38.6595,30.3258,11065900032.0,1027235446784,6.05,9.14,5.86,2.66,FCF/NI:0.41|D/E:162,2
2026-09-17,LMT,Industrials,Aerospace & Defense,0.105,4.438,0.8917,234.238,1.193,0.8848,19.8338,14.1149,5562625024.0,124186198016,7.12,7.89,6.98,6.38,D/E:234,1
2026-09-17,LNT,Utilities,Electric Utilities,0.01,-0.04,0.1114,160.951,0.466,-1.3937,21.0886,2.2949,-1138625024.0,17278732288,2.51,0.18,4.49,2.91,FCF/NI:-1.39|D/E:161,2
2026-09-17,LOW,Consumer Discretionary,Home Improvement Retail,0.083,0.0,,,1.105,0.6967,16.4289,-14.6481,4615374848.0,108951076864,4.59,3.33,4.97,5.6,FCF/NI:0.70,1
2026-09-17,LRCX,Information Technology,Semiconductor Materials & Equipment,0.3,0.348,0.6507,33.049,2.629,0.4254,46.7552,27.0202,3090484480.0,336993255424,5.19,5.45,7.04,2.73,FCF/NI:0.43,1
2026-09-17,LULU,Consumer Discretionary,"Apparel, Accessories & Luxury Goods",-0.043,-0.059,0.309,44.689,2.19,0.81,8.1802,2.3168,1148515840.0,11003468800,5.22,0.0,7.03,9.2,OK,0
2026-09-17,LUV,Industrials,Passenger Airlines,0.164,0.205,0.111,97.275,0.489,-0.9973,25.2125,2.7867,-834750016.0,19734659072,5.28,8.76,3.24,3.6,FCF/NI:-1.00|D/E:97,2
2026-09-17,LVS,Consumer Discretionary,Casinos & Gaming,-0.007,-0.198,1.2287,1703.902,0.997,1.2813,15.7636,45.34,2212875008.0,26342006784,4.42,0.0,6.74,6.88,D/E:1704,1
2026-09-17,LYB,Materials,Specialty Chemicals,0.198,3.96,-0.0227,132.759,1.641,-4.634,,1.9448,1228000000.0,20755187712,6.54,10.0,2.52,7.21,FCF/NI:-4.63|D/E:133|ROE:-2.3%,3
2026-09-17,LYV,Communication Services,Movies & Entertainment,0.094,1.562,0.1768,620.214,0.852,-6.5691,,471.5406,1695030656.0,39216402432,5.64,7.29,4.03,5.58,FCF/NI:-6.57|D/E:620,2
2026-09-17,MA,Financials,Transaction & Payment Processing Services,0.141,0.221,2.412,439.583,1.061,1.0433,31.1354,88.4506,16961250304.0,495585067008,5.76,6.01,6.81,4.25,D/E:440,1
2026-09-17,MAA,Real Estate,Multi-Family Residential REITs,0.01,0.137,0.0705,102.377,0.048,2.3071,35.3265,2.5869,921182272.0,14458808320,5.42,4.46,5.21,6.8,D/E:102,1
2026-09-17,MAR,Consumer Discretionary,"Hotels, Resorts & Cruise Lines",0.111,0.043,,,0.535,0.7964,34.6114,-19.3242,2060375040.0,87095943168,4.9,5.56,5.55,3.38,OK,0
2026-09-17,MAS,Industrials,Building Products,-0.029,0.245,58.625,,1.865,1.0137,15.7212,-36.8612,897124992.0,13454098432,6.6,4.85,7.7,7.37,OK,0
2026-09-17,MCD,Consumer Discretionary,Restaurants,0.037,0.057,,,1.081,0.7127,20.2016,-171.8396,6262374912.0,175834759168,4.13,2.61,4.96,4.93,FCF/NI:0.71,1
2026-09-17,MCHP,Information Technology,Semiconductors,0.38,,0.0719,83.688,1.921,3.7167,104.1471,5.9613,1364762496.0,38455877632,5.56,7.16,4.57,4.85,D/E:84,1
2026-09-17,MCK,Health Care,Health Care Distributors,0.077,-0.176,,,0.893,1.4811,23.5999,-24.0635,6801249792.0,102549381120,4.93,2.75,5.66,6.61,OK,0
2026-09-17,MCO,Financials,Financial Exchanges & Data,0.151,0.567,0.7693,240.682,1.19,0.9228,29.2885,26.443,2579124992.0,79988834304,6.61,8.41,6.93,4.16,D/E:241,1
2026-09-17,MDLZ,Consumer Staples,Packaged Foods & Meats,0.041,1.449,0.1334,82.643,0.599,0.6406,22.7253,2.9823,2252375040.0,79637635072,5.52,6.98,4.45,5.07,FCF/NI:0.64|D/E:83,2
2026-09-17,MDT,Health Care,Health Care Equipment,0.137,0.407,0.1065,55.365,2.067,1.0347,22.8498,2.364,5412499968.0,118665617408,7.52,10.0,5.83,6.6,OK,0
2026-09-17,MET,Financials,Life & Health Insurance,0.105,0.058,0.1309,179.933,2.027,-6.0895,18.6494,2.2625,-20953999360.0,61863677952,3.12,2.6,3.94,2.77,FCF/NI:-6.09|D/E:180,2
2026-09-17,META,Communication Services,Interactive Media & Services,0.28,-0.134,0.2985,42.997,2.226,0.3165,25.7184,6.6554,21553625088.0,1738188914688,5.07,5.0,6.92,2.99,FCF/NI:0.32,1
2026-09-17,MGM,Consumer Discretionary,Casinos & Gaming,0.01,5.194,0.1892,893.311,1.335,2.0751,23.2182,3.8341,878991104.0,9638518784,5.36,5.0,4.37,6.94,D/E:893,1
2026-09-17,MKC,Consumer Staples,Packaged Foods & Meats,0.167,-0.142,0.2473,65.143,0.781,0.4412,8.2696,1.9101,714025024.0,13361922048,6.36,5.0,5.15,9.35,FCF/NI:0.44,1
2026-09-17,MLM,Materials,Construction Materials,0.21,-0.232,0.0889,54.945,1.407,0.638,32.1065,2.5716,593374976.0,35114823680,4.53,5.0,4.64,3.87,FCF/NI:0.64,1
2026-09-17,MMM,Industrials,Industrial Conglomerates,0.025,0.328,0.8189,437.937,1.24,2.1188,29.2558,28.7753,6350125056.0,84944642048,6.23,5.31,6.89,6.56,D/E:438,1
2026-09-17,MNST,Consumer Staples,Soft Drinks & Non-alcoholic Beverages,0.202,0.18,0.257,0.992,3.729,0.7902,41.213,9.3117,1681231104.0,87197392896,7.13,9.28,8.22,3.36,OK,0
2026-09-17,MO,Consumer Staples,Tobacco,0.012,-0.027,,,0.518,1.1336,14.6737,-43.617,9014625280.0,116381138944,4.19,0.23,5.55,7.25,OK,0
2026-09-17,MOS,Materials,Fertilizers & Agricultural Chemicals,-0.06,,-0.0507,52.249,1.337,1.1688,,0.7041,-746275008.0,8071370240,3.57,2.5,4.28,4.0,ROE:-5.1%,1
2026-09-17,MPC,Energy,Oil & Gas Refining & Marketing,0.537,3.48,0.421,133.328,1.25,1.0823,14.626,6.2596,9249375232.0,123185586176,7.7,9.04,6.99,6.96,D/E:133,1
2026-09-17,MPWR,Information Technology,Semiconductors,0.476,0.858,0.2198,0.486,4.975,0.554,71.2724,14.7546,444316128.0,57476669440,6.64,10.0,6.91,2.42,FCF/NI:0.55,1
2026-09-17,MRK,Health Care,Pharmaceuticals,0.051,,0.0696,128.408,1.323,4.7814,117.72,8.663,15171500032.0,363044274176,4.5,4.15,4.66,4.71,D/E:128,1
2026-09-17,MRNA,Health Care,Biotechnology,0.021,,-0.39,19.036,2.295,-0.095,,9.3284,299249984.0,63107223552,3.33,2.89,4.33,2.68,FCF/NI:-0.09|ROE:-39.0%,2
2026-09-17,MRSH,Financials,Insurance Brokers,0.062,0.073,0.259,145.027,1.139,1.2023,21.3423,5.4953,4785249792.0,83311542272,4.69,1.72,6.23,6.37,OK,0
2026-09-17,MRVL,Information Technology,Semiconductors,0.365,0.5,0.1652,28.525,3.168,0.9122,79.9867,11.3915,2408049920.0,216372117504,5.64,7.37,6.42,2.7,OK,0
2026-09-17,MS,Financials,Investment Banking & Brokerage,0.28,0.624,0.1797,517.282,1.999,,16.4261,3.0017,,319641649152,6.6,10.0,4.75,4.79,D/E:517,1
2026-09-17,MSCI,Financials,Financial Exchanges & Data,0.122,0.196,,,0.894,0.8798,30.075,-14.8529,1194705920.0,39946465280,4.93,5.14,5.66,3.84,OK,0
2026-09-17,MSFT,Information Technology,Systems Software,0.177,0.317,0.3404,29.118,1.23,0.1237,27.7453,8.3564,16545500160.0,3696065511424,4.27,3.57,5.75,3.36,FCF/NI:0.12,1
2026-09-17,MSI,Information Technology,Communications Equipment,0.133,0.095,0.9157,357.85,1.099,0.9274,36.1668,28.472,1979000064.0,76074188800,4.2,1.45,6.82,4.34,D/E:358,1
2026-09-17,MTB,Financials,Regional Banks,0.062,0.255,0.1074,,,,11.9831,1.2859,,32807032832,4.84,4.49,4.47,5.68,OK,0
2026-09-17,MTD,Health Care,Life Sciences Tools & Services,0.045,0.183,,16668.447,1.122,0.7659,31.7738,2203.8125,693589632.0,28260364288,4.36,4.14,4.98,3.89,D/E:16668,1
2026-09-17,MU,Information Technology,Semiconductors,3.457,13.685,0.6664,6.33,3.425,0.1514,22.1154,10.9567,7639499776.0,1103981838336,7.5,10.0,8.17,3.8,FCF/NI:0.15,1
2026-09-17,NCLH,Consumer Discretionary,"Hotels, Resorts & Cruise Lines",0.049,6.163,0.3673,621.051,0.2,-2.2087,8.7212,2.5683,-1680301312.0,6607713280,5.1,6.76,3.58,4.93,FCF/NI:-2.21|D/E:621,2
2026-09-17,NDAQ,Financials,Financial Exchanges & Data,0.149,0.141,0.1652,77.687,1.006,0.8599,26.621,4.2806,1691500032.0,51040219136,5.04,5.0,5.53,4.51,OK,0
2026-09-17,NDSN,Industrials,Industrial Machinery & Supplies & Components,0.103,0.23,0.1776,55.619,1.823,1.1056,31.4889,5.3115,613806656.0,17369511936,6.17,7.34,5.74,5.31,OK,0
2026-09-17,NEE,Utilities,Multi-Utilities,0.124,0.531,0.1168,161.676,0.534,-1.9106,18.2652,2.9677,-17766875136.0,169518006272,6.0,10.0,4.59,2.99,FCF/NI:-1.91|D/E:162,2
2026-09-17,NEM,Materials,Gold,0.151,0.114,0.2591,15.807,2.546,1.0255,15.686,3.7377,8815875072.0,131068780544,7.75,6.77,8.63,7.88,OK,0
2026-09-17,NFLX,Communication Services,Movies & Entertainment,0.134,0.111,0.4954,55.236,1.142,1.8599,23.6824,10.4005,25387552768.0,313586286592,7.6,8.48,7.72,6.42,OK,0
2026-09-17,NI,Utilities,Multi-Utilities,0.046,-0.584,0.0855,146.649,0.498,-1.957,21.7606,2.0488,-1772999936.0,19618803712,3.26,2.64,4.16,2.92,FCF/NI:-1.96,1
2026-09-17,NKE,Consumer Discretionary,"Apparel, Accessories & Luxury Goods",-0.011,4.28,0.2214,74.289,1.961,0.6079,17.3143,3.6273,1889250048.0,53940015104,5.24,5.0,5.06,5.72,FCF/NI:0.61,1
2026-09-17,NOC,Industrials,Aerospace & Defense,0.051,-0.058,0.2696,95.348,1.168,0.5512,16.6455,4.1624,2478000128.0,74441023488,4.01,1.15,4.98,6.23,FCF/NI:0.55|D/E:95,2
2026-09-17,NOW,Information Technology,Systems Software,0.24,-0.219,0.1424,67.538,0.701,3.0835,87.088,11.4381,5149374976.0,143158870016,4.03,2.76,4.78,4.65,OK,0
2026-09-17,NRG,Utilities,Independent Power Producers & Energy Traders,0.11,,0.2377,483.357,0.968,0.9877,27.6641,5.3131,772374976.0,22330660864,6.48,7.5,6.93,4.75,D/E:483,1
2026-09-17,NSC,Industrials,Rail Transportation,0.114,-0.044,0.1699,105.519,0.831,0.525,27.1927,4.408,1382249984.0,71643332608,3.86,3.18,4.18,4.3,FCF/NI:0.52|D/E:106,2
2026-09-17,NTAP,Information Technology,"Technology Hardware, Storage & Peripherals",0.299,0.635,1.1482,169.498,1.242,0.8261,27.7743,25.8154,1171374976.0,38678831104,6.55,7.4,6.98,5.06,D/E:169,1
2026-09-17,NTRS,Financials,Asset Management & Custody Banks,0.364,0.986,0.1707,,,,15.201,2.5863,,32372172800,6.76,10.0,5.09,4.93,OK,0
2026-09-17,NUE,Materials,Steel,0.23,0.938,0.1455,30.512,2.508,0.2379,21.1435,2.7208,683374976.0,60153819136,6.73,10.0,5.84,3.96,FCF/NI:0.24,1
2026-09-17,NVDA,Information Technology,Semiconductors,1.059,1.278,1.1721,16.971,4.589,0.2168,27.7295,23.1298,41809874944.0,5296402989056,7.37,10.0,8.25,3.29,FCF/NI:0.22,1
2026-09-17,NVR,Consumer Discretionary,Homebuilding,-0.109,-0.226,0.3154,32.15,5.67,0.8046,16.222,4.9297,918313280.0,16634669056,4.8,0.0,7.51,7.24,RevG:-10.9%,1
2026-09-17,NWS,Communication Services,Publishing,0.108,-0.749,0.0798,31.561,1.623,1.824,32.3981,2.127,1045124992.0,17893437440,5.06,2.71,6.13,6.56,OK,0
2026-09-17,NWSA,Communication Services,Publishing,0.108,-0.749,0.0798,31.561,1.623,1.824,29.301,1.9236,1045124992.0,16182918144,5.1,2.71,6.13,6.69,OK,0
2026-09-17,NXPI,Information Technology,Semiconductors,0.195,0.726,0.2792,93.325,2.04,1.195,19.4497,5.0446,3555000064.0,57480822784,6.9,6.61,5.96,8.34,D/E:93,1
2026-09-17,O,Real Estate,Retail REITs,0.096,0.692,0.0323,74.722,1.528,1.2481,41.8394,1.3714,1582081920.0,54237216768,6.76,9.93,5.13,4.96,OK,0
2026-09-17,ODFL,Industrials,Cargo Ground Transportation,0.104,0.323,0.2482,0.44,1.889,0.8912,33.6712,7.9884,970776000.0,36306071552,6.6,7.85,7.23,4.39,OK,0
2026-09-17,OKE,Energy,Oil & Gas Storage & Transportation,0.528,0.142,0.1628,143.07,0.737,0.2461,16.1002,2.5619,899875008.0,58766749696,4.12,4.43,3.97,3.94,FCF/NI:0.25|D/E:143,2
2026-09-17,OMC,Communication Services,Advertising,0.634,0.588,0.0605,107.744,0.924,10.9191,212.4324,2.2318,4260624896.0,22401486848,6.85,10.0,4.49,5.92,D/E:108,1
2026-09-17,ON,Information Technology,Semiconductors,0.092,0.366,0.0831,65.055,3.464,2.6288,44.6405,3.6833,1656649984.0,26590464000,5.01,2.75,5.23,7.38,OK,0
2026-09-17,ORCL,Information Technology,Application Software,0.296,0.545,0.4119,251.716,1.171,-2.4474,23.6034,11.5483,-45853626368.0,455344390144,5.19,6.74,5.1,3.5,FCF/NI:-2.45|D/E:252,2
2026-09-17,ORLY,Consumer Discretionary,Automotive Retail,0.081,0.103,,,0.752,0.5926,26.9492,-37.7457,1570733824.0,68672679936,4.93,6.17,4.87,3.57,FCF/NI:0.59,1
2026-09-17,OTIS,Industrials,Industrial Machinery & Supplies & Components,0.073,0.13,,,0.831,0.9474,17.6607,-4.55,1436249984.0,26151983104,5.45,4.19,5.64,6.69,OK,0
2026-09-17,OXY,Energy,Oil & Gas Exploration & Production,0.534,9.649,0.1063,34.511,1.411,1.1145,17.4897,1.7715,3788124928.0,59268501504,7.24,9.01,5.48,7.22,OK,0
2026-09-17,PANW,Information Technology,Systems Software,0.345,,0.0174,9.337,0.871,13.8131,914.7805,11.1185,4240624896.0,306799083520,4.97,6.68,5.44,2.43,OK,0
2026-09-17,PAYX,Industrials,Human Resource & Employment Services,0.125,0.434,0.4477,123.967,1.259,1.1906,23.8262,11.092,2095500032.0,41475284992,7.34,8.53,6.77,6.61,D/E:124,1
2026-09-17,PCAR,Industrials,Construction Machinery & Heavy Transportation Equipment,0.005,0.042,0.1276,72.91,5.519,0.7762,24.7074,3.0399,1943650048.0,61774192640,3.86,0.42,5.75,5.67,OK,0
2026-09-17,PCG,Utilities,Multi-Utilities,0.001,0.398,0.0932,189.45,1.216,-2.0125,9.6259,0.9117,-6150125056.0,29467670528,4.74,5.0,4.31,4.93,FCF/NI:-2.01|D/E:189,2
2026-09-17,PEG,Utilities,Electric Utilities,-0.089,-0.427,0.1183,142.409,0.877,0.0536,17.6567,2.0398,107750000.0,35370856448,2.64,0.0,4.82,3.18,FCF/NI:0.05,1
2026-09-17,PEP,Consumer Staples,Soft Drinks & Non-alcoholic Beverages,0.064,1.37,0.5151,238.949,0.934,0.7494,17.5177,8.2623,7831875072.0,182579560448,6.98,8.38,6.23,6.22,FCF/NI:0.75|D/E:239,2
2026-09-17,PFE,Health Care,Pharmaceuticals,0.026,,0.0501,74.253,1.267,2.8775,36.3684,1.8491,12485624832.0,157538975744,4.84,3.1,4.71,7.01,OK,0
2026-09-17,PFG,Financials,Life & Health Insurance,0.064,0.028,0.1295,35.307,1.586,0.6777,16.5157,2.0494,1056374976.0,24823291904,4.04,1.16,5.27,5.95,FCF/NI:0.68,1
2026-09-17,PG,Consumer Staples,Personal Care Products,0.015,-0.155,0.3029,64.49,0.677,0.843,22.2885,6.43,13280874496.0,342970105856,4.21,0.41,6.82,5.6,OK,0
2026-09-17,PGR,Financials,Property & Casualty Insurance,0.073,0.05,0.3494,24.428,0.293,1.2924,10.8579,3.6602,15114500096.0,125686120448,5.65,1.65,8.24,7.29,OK,0
2026-09-17,PH,Industrials,Industrial Machinery & Supplies & Components,0.098,0.193,0.2508,56.66,1.262,0.8119,32.4891,7.5746,2961750016.0,116630462464,5.64,6.37,6.03,4.33,OK,0
2026-09-17,PHM,Consumer Discretionary,Homebuilding,-0.096,-0.182,0.149,19.065,7.272,0.5657,12.1389,1.7138,1078512896.0,22637398016,4.52,0.0,6.06,8.01,FCF/NI:0.57,1
2026-09-17,PKG,Materials,Paper & Plastic Packaging Products & Materials,0.147,-0.195,0.1489,94.474,2.941,0.6298,30.5538,4.4749,432950016.0,20988887040,4.49,4.05,5.36,4.0,FCF/NI:0.63|D/E:94,2
2026-09-17,PLD,Real Estate,Industrial REITs,0.123,0.853,0.0775,63.823,0.649,1.2866,30.1069,2.3503,5406941184.0,131407306752,7.36,10.0,5.95,5.91,OK,0
2026-09-17,PLTR,Information Technology,Application Software,0.928,2.154,0.381,2.139,7.228,0.7157,150.6325,43.3235,2159104512.0,423515029504,6.81,10.0,8.0,1.71,FCF/NI:0.72,1
2026-09-17,PM,Consumer Staples,Tobacco,0.104,-0.075,,,0.98,0.8958,26.1648,-34.5887,9714374656.0,296884666368,5.12,5.0,5.68,4.59,OK,0
2026-09-17,PNC,Financials,Diversified Banks,0.236,0.249,0.1262,,,,12.7829,1.5944,,92558917632,6.16,8.29,4.66,5.42,OK,0
2026-09-17,PNR,Industrials,Industrial Machinery & Supplies & Components,-0.17,-0.111,0.1713,47.067,1.451,0.8785,14.3608,2.3725,558312512.0,9004660736,4.65,0.0,5.77,8.77,RevG:-17.0%,1
2026-09-17,PNW,Utilities,Multi-Utilities,0.071,-0.095,0.0936,233.288,0.594,-1.4521,18.3474,1.6468,-929501376.0,11585243136,3.9,4.34,4.01,3.25,FCF/NI:-1.45|D/E:233,2
2026-09-17,PODD,Health Care,Health Care Equipment,0.235,3.286,0.2602,66.685,2.485,0.6312,26.5572,6.9025,236900000.0,9817086976,7.16,10.0,6.81,4.27,FCF/NI:0.63,1
2026-09-17,PPG,Materials,Specialty Chemicals,0.072,-0.015,0.193,86.938,1.58,0.7049,15.1291,2.7765,1104625024.0,23441534976,4.76,1.73,5.47,7.46,FCF/NI:0.70|D/E:87,2
2026-09-17,PPL,Utilities,Electric Utilities,0.042,0.212,0.0863,135.434,0.905,-1.5335,19.8817,1.6803,-1938375040.0,25285505024,5.04,7.36,4.36,3.13,FCF/NI:-1.53,1
2026-09-17,PRU,Financials,Life & Health Insurance,0.141,0.892,0.1201,163.891,0.777,1.9442,10.6918,1.2893,7527750144.0,40685850624,6.87,8.15,4.73,7.86,D/E:164,1
2026-09-17,PSA,Real Estate,Self-Storage REITs,0.033,0.451,0.2193,109.632,0.22,1.2649,28.6711,10.9125,2334240256.0,56197697536,6.4,6.37,7.1,5.63,D/E:110,1
2026-09-17,PSKY,Communication Services,Movies & Entertainment,0.009,-0.541,-0.009,126.479,1.04,-28.3303,354.0,1.0114,17593124864.0,11885618176,2.8,0.0,2.46,6.47,FCF/NI:-28.33|D/E:126|ROE:-0.9%,3
2026-09-17,PSX,Energy,Oil & Gas Refining & Marketing,0.531,3.449,0.2345,62.884,1.32,0.6415,15.6513,3.4729,4545375232.0,109415522304,6.91,8.99,5.67,5.95,FCF/NI:0.64,1
2026-09-17,PTC,Information Technology,Application Software,-0.068,-0.12,0.3505,46.335,1.025,0.8428,13.0398,4.2899,1031425152.0,14587582464,5.12,0.0,6.54,9.46,OK,0
2026-09-17,PWR,Industrials,Construction & Engineering,0.411,0.947,0.1534,67.78,1.098,1.4738,70.6231,9.613,1955491328.0,92692709376,6.32,10.0,5.19,3.36,OK,0
2026-09-17,PYPL,Financials,Transaction & Payment Processing Services,0.048,-0.031,0.245,71.751,1.288,0.9023,10.0076,2.3024,4423124992.0,45634277376,4.79,0.74,6.44,7.6,OK,0
2026-09-17,Q,Information Technology,Semiconductor Materials & Equipment,0.221,-0.343,0.0672,59.992,2.008,1.3178,41.8321,3.3778,772249984.0,24519899136,4.23,2.5,4.73,5.66,OK,0
2026-09-17,QCOM,Information Technology,Semiconductors,-0.04,-0.23,0.3375,55.21,2.016,1.1059,21.5915,7.2118,10241000448.0,201553707008,4.58,0.0,6.62,7.55,OK,0
2026-09-17,RCL,Consumer Discretionary,"Hotels, Resorts & Cruise Lines",0.065,-0.046,0.4467,224.816,0.209,-0.3448,15.416,6.5252,-1516249984.0,66793484288,3.3,2.5,4.17,3.21,FCF/NI:-0.34|D/E:225,2
2026-09-17,RDDT,Communication Services,Interactive Media & Services,0.611,1.778,0.3071,0.635,10.486,0.7784,35.5419,8.9458,678068736.0,29403959296,7.86,10.0,9.43,3.55,OK,0
2026-09-17,REG,Real Estate,Retail REITs,0.089,0.089,0.0819,71.972,0.964,1.3702,24.6195,2.009,743363968.0,13670423552,6.83,7.22,6.01,7.33,OK,0
2026-09-17,REGN,Health Care,Biotechnology,0.167,-0.045,0.1404,8.535,3.335,0.7081,19.5263,2.4974,3065299968.0,81277820928,6.02,5.0,6.92,6.17,FCF/NI:0.71,1
2026-09-17,RF,Financials,Regional Banks,0.034,0.085,0.1187,,,,11.5772,1.3901,,24262952960,3.72,1.17,4.58,5.67,OK,0
2026-09-17,RJF,Financials,Investment Banking & Brokerage,0.151,0.42,0.1842,47.594,2.109,,14.2781,2.4777,,31503077376,6.43,8.41,5.65,5.03,OK,0
2026-09-17,RL,Consumer Discretionary,"Apparel, Accessories & Luxury Goods",0.14,0.216,0.3754,110.373,2.045,0.8954,20.988,7.2941,880087488.0,19845652480,7.4,10.0,6.09,5.91,D/E:110,1
2026-09-17,RMD,Health Care,Health Care Equipment,0.086,0.024,0.2427,12.542,3.1,0.6166,21.9003,5.0031,939248256.0,32950110208,5.39,3.13,8.02,4.96,FCF/NI:0.62,1
2026-09-17,ROK,Industrials,Electrical Components & Equipment,0.079,0.404,0.3063,103.347,1.075,1.0875,38.4662,13.0324,1303874944.0,45535506432,5.82,7.05,5.89,4.28,D/E:103,1
2026-09-17,ROL,Industrials,Environmental & Facilities Services,0.079,0.031,0.3701,78.015,0.629,0.9436,30.0,11.1074,501737504.0,15877798912,4.44,2.22,6.34,4.8,OK,0
2026-09-17,ROP,Information Technology,Electronic Equipment & Instruments,0.085,2.33,0.1307,60.531,0.553,0.9047,15.6085,1.982,2265687552.0,37064093696,6.5,5.65,4.72,9.57,OK,0
2026-09-17,ROST,Consumer Discretionary,Apparel Retail,0.133,0.705,0.4263,70.281,1.612,0.7529,27.715,10.8789,2002041600.0,73308102656,7.08,10.0,6.64,4.17,OK,0
2026-09-17,RSG,Industrials,Environmental & Facilities Services,0.046,0.051,0.1815,118.798,0.644,0.8887,31.0099,5.5679,1942625024.0,67039207424,3.71,1.6,4.89,4.8,D/E:119,1
2026-09-17,RTX,Industrials,Aerospace & Defense,0.145,0.287,0.1227,57.02,1.011,1.2768,34.0141,3.9297,9880000512.0,260845092864,6.69,9.18,5.12,5.61,OK,0
2026-09-17,RVTY,Health Care,Health Care Equipment,0.013,0.012,0.0321,46.225,1.8,2.5488,70.5433,2.2649,604992128.0,16373071872,3.29,0.05,5.09,4.99,OK,0
2026-09-17,SBAC,Real Estate,Telecom Tower REITs,0.023,-0.105,,,0.165,0.7591,19.5394,-4.1504,752056384.0,19215740928,3.88,0.8,5.44,5.66,OK,0
2026-09-17,SBUX,Consumer Discretionary,Restaurants,-0.014,0.857,,,0.76,1.5461,55.8786,-14.3576,3065537536.0,110203797504,4.74,5.0,5.62,3.41,OK,0
2026-09-17,SCHW,Financials,Investment Banking & Brokerage,0.209,0.426,0.2027,151.106,0.655,,19.0583,4.1156,,180940390400,6.5,9.91,4.77,4.54,D/E:151,1
2026-09-17,SHW,Materials,Specialty Chemicals,0.075,0.143,0.6512,389.958,0.727,0.9322,29.6344,20.0927,2506037504.0,77910802432,5.6,5.2,6.74,4.73,D/E:390,1
2026-09-17,SJM,Consumer Staples,Packaged Foods & Meats,0.05,,0.0393,120.682,0.87,6.3806,57.8271,2.381,1464337536.0,13219368960,5.22,5.03,4.25,6.59,D/E:121,1
2026-09-17,SLB,Energy,Oil & Gas Equipment & Services,0.05,-0.297,0.1291,47.002,1.439,0.953,25.4049,2.9645,2955124992.0,77294182400,3.49,0.0,5.5,5.23,OK,0
2026-09-17,SMCI,Information Technology,"Technology Hardware, Storage & Peripherals",0.932,4.347,0.2147,63.951,3.872,-3.7565,12.3773,2.585,-8248783872.0,26101325824,7.03,10.0,4.95,6.0,FCF/NI:-3.76,1
2026-09-17,SNA,Industrials,Industrial Machinery & Supplies & Components,0.042,0.051,0.1793,21.595,3.433,1.0733,18.9796,3.1815,1109474944.0,19222833152,5.43,1.47,7.25,7.92,OK,0
2026-09-17,SNDK,Information Technology,"Technology Hardware, Storage & Peripherals",3.716,,0.9164,1.277,2.29,0.6753,21.8989,15.2862,7720875008.0,236377391104,7.27,7.5,8.33,5.77,FCF/NI:0.68,1
2026-09-17,SNPS,Information Technology,Application Software,0.424,0.893,0.0366,34.804,1.337,3.1819,66.7548,2.3444,3425542400.0,73046138880,7.21,10.0,4.77,6.8,OK,0
2026-09-17,SO,Utilities,Electric Utilities,0.001,0.304,0.1148,182.058,0.787,-0.8401,20.906,2.5222,-3913374976.0,99805495296,4.21,5.0,4.55,2.88,FCF/NI:-0.84|D/E:182,2
2026-09-17,SOLV,Health Care,Health Care Technology,0.022,0.039,0.3396,110.313,1.021,0.341,10.7005,3.1021,489000000.0,14899682304,4.39,0.62,5.91,7.02,FCF/NI:0.34|D/E:110,2
2026-09-17,SPG,Real Estate,Retail REITs,0.195,-0.125,1.2051,503.504,0.266,0.5621,14.4298,15.0556,2595271168.0,77621616640,5.67,5.0,5.86,6.22,FCF/NI:0.56|D/E:504,2
2026-09-17,SPGI,Financials,Financial Exchanges & Data,0.104,0.177,0.1426,42.98,0.954,1.1067,24.5959,3.7819,5448249856.0,119131627520,5.23,4.39,5.74,5.6,OK,0
2026-09-17,SRE,Utilities,Multi-Utilities,-0.001,0.713,0.0668,84.663,1.642,-12.2271,23.8203,1.6437,-27657750528.0,53737529344,4.32,5.0,4.81,2.94,FCF/NI:-12.23,1
2026-09-17,STE,Health Care,Health Care Equipment,0.073,0.14,0.1139,28.312,1.906,0.9924,25.4017,2.8146,798862528.0,20283922432,5.72,4.56,6.76,5.86,OK,0
2026-09-17,STLD,Materials,Steel,0.334,0.836,0.1757,46.924,3.183,0.1457,22.2439,3.7406,234191248.0,35165548544,6.53,10.0,5.77,3.36,FCF/NI:0.15,1
2026-09-17,STT,Financials,Asset Management & Custody Banks,0.184,0.682,0.1244,,,,16.1723,2.1041,,50289651712,6.35,9.26,4.64,4.96,OK,0
2026-09-17,STX,Information Technology,"Technology Hardware, Storage & Peripherals",0.485,1.488,3.7153,179.88,1.67,0.6105,57.9459,84.0534,1943750016.0,182626140160,6.49,10.0,6.35,2.57,FCF/NI:0.61|D/E:180,2
2026-09-17,STZ,Consumer Staples,Distillers & Vintners,-0.033,0.307,0.2369,123.205,0.913,1.2116,11.673,2.5433,2210487552.0,20914993152,6.34,5.0,5.82,8.51,D/E:123,1
2026-09-17,SW,Materials,Paper & Plastic Packaging Products & Materials,0.011,,0.0272,78.427,1.447,2.4447,48.383,1.3209,1215000064.0,23855302656,4.45,2.5,4.45,6.72,OK,0
2026-09-17,SWK,Industrials,Industrial Machinery & Supplies & Components,0.004,2.478,0.0689,58.172,1.432,2.2869,21.7897,1.5022,1419049984.0,13458603008,5.96,5.0,4.88,8.33,OK,0
2026-09-17,SWKS,Information Technology,Semiconductors,-0.031,-0.686,0.0509,11.869,3.101,1.5471,47.3161,2.3951,448812512.0,13735072768,4.0,0.0,6.34,5.93,OK,0
2026-09-17,SYF,Financials,Consumer Finance,0.006,0.036,0.2079,,,,7.6318,1.5929,,24210845696,3.84,0.05,5.45,6.38,OK,0
2026-09-17,SYK,Health Care,Health Care Equipment,0.094,0.441,0.1651,64.391,2.157,1.1015,29.029,4.4794,4107624960.0,107450318848,6.83,8.47,6.4,5.41,OK,0
2026-09-17,SYY,Consumer Staples,Food Distributors,0.047,0.053,0.7769,564.591,1.277,1.0894,21.6148,14.2003,1914000000.0,37938647040,5.48,3.26,6.9,6.42,D/E:565,1
2026-09-17,T,Communication Services,Integrated Telecommunication Services,0.023,0.062,0.1834,129.054,0.971,0.4722,8.3795,1.5813,10142000128.0,173982072832,5.65,4.11,4.47,8.82,FCF/NI:0.47|D/E:129,2
2026-09-17,TAP,Consumer Staples,Brewers,-0.033,-0.423,-0.1947,76.03,0.879,-0.4055,,0.7218,935137472.0,7286620160,3.41,0.0,2.88,8.0,FCF/NI:-0.41|ROE:-19.5%,2
2026-09-17,TDG,Industrials,Aerospace & Defense,0.225,0.109,,,3.019,0.7626,32.6658,-6.4058,1457374976.0,60185096192,5.65,6.88,6.3,3.46,OK,0
2026-09-17,TDY,Information Technology,Electronic Equipment & Instruments,0.098,0.212,0.0915,18.565,2.181,0.9363,29.1093,2.5557,912675008.0,27889211392,4.79,1.78,6.32,6.51,OK,0
2026-09-17,TECH,Health Care,Life Sciences Tools & Services,0.013,,0.0903,13.712,4.547,1.2629,62.4224,5.3613,229653120.0,11355209728,4.41,2.55,7.21,3.33,OK,0
2026-09-17,TEL,Information Technology,Electronic Manufacturing Services,0.138,0.192,0.2329,43.441,1.876,0.7743,20.2351,4.5223,2336875008.0,59901743104,5.0,2.19,6.05,7.07,OK,0
2026-09-17,TER,Information Technology,Semiconductor Materials & Equipment,1.039,3.858,0.3646,2.883,2.125,0.3803,48.5736,16.0755,437381248.0,55208611840,6.73,10.0,6.92,2.69,FCF/NI:0.38,1
2026-09-17,TFC,Financials,Diversified Banks,0.082,0.367,0.0906,,,,11.1379,1.0086,,59187793920,5.63,6.62,4.31,6.03,OK,0
2026-09-17,TGT,Consumer Staples,Consumer Staples Merchandise Retail,0.053,1.005,0.2641,107.583,0.988,0.7816,16.5799,4.0693,3432999936.0,72609406976,6.92,7.71,6.15,6.89,D/E:108,1
2026-09-17,TJX,Consumer Discretionary,Apparel Retail,0.054,0.236,0.6217,134.419,1.147,0.7249,23.4352,13.4427,4398125056.0,139800346624,5.92,6.99,5.97,4.62,FCF/NI:0.72|D/E:134,2
2026-09-17,TKO,Communication Services,Movies & Entertainment,0.182,0.144,0.0706,59.216,1.278,3.7296,66.4211,4.1432,856147520.0,35828756480,6.29,9.91,5.12,3.45,OK,0
2026-09-17,TMO,Health Care,Life Sciences Tools & Services,0.105,0.094,0.1351,80.575,1.551,0.8953,35.3745,4.6207,6237250048.0,243412041728,5.04,5.1,5.72,4.2,D/E:81,1
2026-09-17,TMUS,Communication Services,Wireless Telecommunication Services,0.079,0.053,0.1799,214.035,0.924,1.0735,17.4293,3.1797,11335999488.0,178546180096,5.83,5.13,5.5,7.01,D/E:214,1
2026-09-17,TPL,Energy,Oil & Gas Exploration & Production,0.312,0.327,0.3657,1.077,4.552,-0.0606,44.2857,15.3914,-32836124.0,23948009472,4.8,3.87,8.25,1.88,FCF/NI:-0.06,1
2026-09-17,TPR,Consumer Discretionary,"Apparel, Accessories & Luxury Goods",0.089,,1.9713,571.608,1.752,0.9164,15.9615,33.5958,1399924992.0,23137411072,6.68,6.11,7.07,6.88,D/E:572,1
2026-09-17,TRGP,Energy,Oil & Gas Storage & Transportation,0.042,0.233,0.7084,515.794,0.771,0.0292,27.2794,19.516,65837500.0,61127852032,2.93,1.09,5.43,2.16,FCF/NI:0.03|D/E:516,2
2026-09-17,TRMB,Information Technology,Application Software,0.11,,-0.0194,28.553,0.954,-6.5537,,2.3564,686174976.0,13368200192,4.67,3.49,3.26,7.71,FCF/NI:-6.55|ROE:-1.9%,2
2026-09-17,TROW,Financials,Asset Management & Custody Banks,0.107,0.286,0.194,3.702,4.039,0.9338,10.3253,1.9938,2023912448.0,21937401856,7.25,6.12,8.07,7.62,OK,0
2026-09-17,TRV,Financials,Property & Casualty Insurance,0.003,0.571,0.2651,27.378,0.323,1.7924,10.1986,2.3901,14775124992.0,79152136192,6.58,5.0,7.32,7.55,OK,0
2026-09-17,TSCO,Consumer Discretionary,Other Specialty Retail,0.023,-0.15,0.3951,248.71,1.334,0.102,17.0938,6.5313,103175000.0,17100536832,2.63,0.56,4.25,3.14,FCF/NI:0.10|D/E:249,2
2026-09-17,TSLA,Consumer Discretionary,Automobile Manufacturers,0.255,-0.03,0.0467,18.373,1.941,1.2706,342.243,16.6492,4835999744.0,1446324338688,4.25,5.0,5.85,1.53,OK,0
2026-09-17,TSN,Consumer Staples,Packaged Foods & Meats,-0.001,2.041,0.0326,44.025,1.433,2.0753,32.2593,1.0169,1191250048.0,18385145856,5.96,5.0,5.44,7.7,OK,0
2026-09-17,TT,Industrials,Building Products,0.106,0.071,0.3664,53.404,1.073,1.0407,31.5682,10.8152,3121687552.0,93142409216,5.23,3.97,6.78,4.91,OK,0
2026-09-17,TTD,Communication Services,Advertising,0.03,-0.236,0.1544,16.863,1.724,1.4328,16.9762,2.6012,582992768.0,6700491776,4.8,0.39,7.22,7.13,OK,0
2026-09-17,TTWO,Communication Services,Interactive Home Entertainment,0.02,,-0.0904,81.607,1.062,-3.9205,,11.1221,1256137472.0,39381819392,3.26,2.59,2.63,4.77,FCF/NI:-3.92|D/E:82|ROE:-9.0%,3
2026-09-17,TXN,Information Technology,Semiconductors,0.228,0.518,0.3518,78.036,4.857,0.5892,39.2907,13.0883,3545250048.0,235745771520,5.23,5.63,6.27,3.53,FCF/NI:0.59,1
2026-09-17,TXT,Industrials,Aerospace & Defense,0.03,0.052,0.1213,52.285,1.861,0.4822,15.2373,1.7273,452750016.0,14069357568,4.01,1.1,4.2,7.17,FCF/NI:0.48,1
2026-09-17,TYL,Information Technology,Application Software,0.082,0.155,0.0973,47.906,1.554,1.8312,44.8255,4.6031,594435648.0,13988068352,3.99,1.17,4.96,6.16,OK,0
2026-09-17,UAL,Industrials,Passenger Airlines,0.16,-0.172,0.2325,201.641,0.78,0.2603,10.0787,2.0925,910124992.0,34936684544,5.21,4.66,3.82,7.48,FCF/NI:0.26|D/E:202,2
2026-09-17,UBER,Industrials,Passenger Ground Transportation,0.122,0.855,0.3716,51.872,0.843,0.7563,15.5417,5.2928,7244749824.0,144756244480,7.6,8.44,6.77,7.58,OK,0
2026-09-17,UDR,Real Estate,Multi-Family Residential REITs,-0.001,0.909,0.1374,156.144,0.178,1.5075,21.6519,3.7956,779827776.0,12675340288,6.18,5.0,6.38,7.32,D/E:156,1
2026-09-17,UHS,Health Care,Health Care Facilities,0.083,0.101,0.2095,68.74,1.116,0.3265,7.3776,1.4178,498316992.0,10652775424,6.03,4.29,5.29,8.91,FCF/NI:0.33,1
2026-09-17,ULTA,Consumer Discretionary,Other Specialty Retail,0.089,0.133,0.4612,95.472,1.345,0.7554,19.7864,8.5661,914087360.0,23248519168,6.53,7.54,6.37,5.53,D/E:95,1
2026-09-17,UNH,Health Care,Managed Health Care,0.004,0.615,0.1415,69.211,0.777,1.7188,24.0983,3.4492,24272250880.0,336786554880,5.86,5.0,5.66,7.08,OK,0
2026-09-17,UNP,Industrials,Rail Transportation,0.115,0.066,0.397,150.772,0.986,0.644,22.8544,8.6364,4720750080.0,167814463488,4.87,4.15,5.54,4.94,FCF/NI:0.64|D/E:151,2
2026-09-17,UPS,Industrials,Air Freight & Logistics,0.076,-0.53,0.296,189.9,1.179,1.2241,18.619,5.6577,5593999872.0,85222785024,4.93,1.95,5.62,7.59,D/E:190,1
2026-09-17,URI,Industrials,Trading Companies & Distributors,0.118,0.255,0.2889,166.793,0.764,0.6468,24.1225,6.7753,1706249984.0,62399963136,6.03,8.31,4.74,4.89,FCF/NI:0.65|D/E:167,2
2026-09-17,USB,Financials,Diversified Banks,0.104,0.216,0.1262,,,,12.0259,1.5484,,93872603136,5.03,4.98,4.66,5.53,OK,0
2026-09-17,V,Financials,Transaction & Payment Processing Services,0.144,0.102,0.6119,67.821,0.985,0.911,31.4566,19.6041,20404000768.0,690676760576,5.23,4.28,7.32,3.91,OK,0
2026-09-17,VEEV,Health Care,Health Care Technology,0.176,0.395,0.1442,2.041,5.458,1.2394,43.3087,5.8836,1257709824.0,42703458304,7.52,10.0,7.82,4.27,OK,0
2026-09-17,VICI,Real Estate,Hotel & Resort REITs,0.057,-0.414,0.0985,60.277,11.236,0.0965,9.345,0.9101,267028992.0,26546978816,4.94,2.73,6.11,6.16,FCF/NI:0.10,1
2026-09-17,VLO,Energy,Oil & Gas Refining & Marketing,0.517,4.535,0.2764,40.148,1.636,1.1701,17.1887,4.751,8416374784.0,118778716160,7.68,8.87,7.22,6.81,OK,0
2026-09-17,VLTO,Industrials,Environmental & Facilities Services,0.075,0.101,0.3431,115.978,1.775,0.8169,23.9924,7.5106,807124992.0,23221315584,5.1,3.62,6.28,5.45,D/E:116,1
2026-09-17,VMC,Materials,Construction Materials,0.025,0.027,0.1323,58.22,1.757,0.7552,28.8325,3.7377,843600000.0,31682000896,3.63,0.51,5.91,4.61,OK,0
2026-09-17,VMRK,Real Estate,Multi-Family Residential REITs,0.033,,0.0849,75.129,0.348,1.35,24.1418,,1387120000.0,48755822592,4.96,3.87,5.85,5.2,OK,0
2026-09-17,VRSK,Industrials,Research & Consulting Services,0.044,-0.034,,,1.005,1.192,27.1091,-19.8003,1055550016.0,23122733056,4.01,0.92,5.69,5.67,OK,0
2026-09-17,VRSN,Information Technology,Internet Services & Infrastructure,0.06,0.077,,,0.591,0.9798,32.7603,-12.1135,832837504.0,27305318400,3.37,0.34,5.57,4.35,OK,0
2026-09-17,VRT,Industrials,Electrical Components & Equipment,0.241,0.53,0.4394,70.166,1.379,1.5569,54.5124,19.5396,2696537600.0,92970795008,7.18,10.0,7.09,3.99,OK,0
2026-09-17,VRTX,Health Care,Biotechnology,0.125,0.08,0.2354,9.767,3.185,0.5965,30.0372,6.4606,2627887616.0,130788925440,5.93,5.7,7.96,3.82,FCF/NI:0.60,1
2026-09-17,VST,Utilities,Electric Utilities,-0.055,-0.062,0.4296,373.28,0.973,0.0183,24.25,16.0456,37125000.0,48183787520,2.73,0.0,5.76,2.39,FCF/NI:0.02|D/E:373,2
2026-09-17,VTR,Real Estate,Health Care REITs,0.217,-0.067,0.0201,84.928,0.295,5.6592,159.4727,3.0712,1486853504.0,44990525440,4.54,5.0,4.4,4.16,D/E:85,1
2026-09-17,VTRS,Health Care,Pharmaceuticals,0.049,,-0.0275,95.535,1.585,-6.519,,1.3608,2677337600.0,19675361280,4.64,4.07,2.66,7.61,FCF/NI:-6.52|D/E:96|ROE:-2.8%,3
2026-09-17,VZ,Communication Services,Integrated Telecommunication Services,-0.007,-0.22,0.1584,184.081,0.604,1.0801,12.5859,1.9323,17466624000.0,200800305152,4.15,0.0,5.22,7.76,D/E:184,1
2026-09-17,WAB,Industrials,Construction Machinery & Heavy Transportation Equipment,0.175,0.189,0.1155,61.686,1.121,0.87,37.5262,4.2044,1101374976.0,47095721984,6.08,8.62,5.03,4.32,OK,0
2026-09-17,WAT,Health Care,Life Sciences Tools & Services,1.134,,0.0192,36.045,1.861,-0.8526,109.066,2.7778,-142067632.0,42192424960,4.68,7.5,4.02,2.15,FCF/NI:-0.85,1
2026-09-17,WBD,Communication Services,Broadcasting,-0.112,-0.906,-0.0879,94.199,0.777,-5.1066,,2.1569,16167374848.0,70801539072,2.97,0.0,2.45,7.03,FCF/NI:-5.11|D/E:94|RevG:-11.2%|ROE:-8.8%,4
2026-09-17,WDAY,Information Technology,Application Software,0.128,2.06,0.1601,58.39,0.908,2.4352,40.5041,7.425,3046374912.0,48026480640,6.03,6.24,5.05,6.93,OK,0
2026-09-17,WDC,Information Technology,"Technology Hardware, Storage & Peripherals",0.438,9.841,1.3085,13.436,1.329,0.2443,15.7339,20.2663,2268750080.0,152822480896,7.66,10.0,7.54,5.06,FCF/NI:0.24,1
2026-09-17,WEC,Utilities,Electric Utilities,0.026,0.197,0.1199,157.985,0.534,-1.3914,20.3359,2.5038,-2353637376.0,34126206976,4.7,6.27,4.66,2.91,FCF/NI:-1.39|D/E:158,2
2026-09-17,WELL,Real Estate,Health Care REITs,0.391,0.356,0.0384,41.375,1.317,1.7774,104.1525,3.5974,2756164352.0,167360053248,6.46,10.0,5.96,2.9,OK,0
2026-09-17,WFC,Financials,Diversified Banks,0.095,0.25,0.1258,,,,12.6294,1.6335,,262755287040,5.1,5.26,4.65,5.42,OK,0
2026-09-17,WM,Industrials,Environmental & Facilities Services,0.04,0.083,0.2984,235.301,0.907,0.8231,30.2167,8.5968,2348375040.0,85271240704,4.02,2.1,5.5,4.54,D/E:235,1
2026-09-17,WMB,Energy,Oil & Gas Storage & Transportation,0.078,0.512,0.215,200.371,0.477,-0.4941,28.6096,6.6763,-1516749952.0,87835656192,3.31,3.15,4.38,2.24,FCF/NI:-0.49|D/E:200,2
2026-09-17,WMT,Consumer Staples,Consumer Staples Merchandise Retail,0.059,-0.091,0.2231,71.653,0.767,0.3229,38.692,9.0133,7127625216.0,847244754944,3.54,3.08,4.85,2.54,FCF/NI:0.32,1
2026-09-17,WRB,Financials,Property & Casualty Insurance,0.012,0.15,0.2021,31.527,0.406,1.5796,14.4239,2.8076,3045504768.0,26023049216,5.0,1.78,6.52,6.96,OK,0
2026-09-17,WSM,Consumer Discretionary,Homefurnishing Retail,0.067,0.42,0.5496,71.369,1.447,0.9069,22.4533,13.7859,1069320128.0,25781770240,6.78,7.59,7.1,5.46,OK,0
2026-09-17,WST,Health Care,Health Care Supplies,0.138,0.181,0.1909,10.585,2.822,0.492,46.8798,8.6312,277937504.0,25799753728,5.88,7.7,6.84,2.64,FCF/NI:0.49,1
2026-09-17,WTW,Financials,Insurance Brokers,0.091,-0.268,0.1976,91.39,1.098,0.9046,19.2563,3.7621,1415624960.0,28882241536,4.5,1.85,5.79,6.07,OK,0
2026-09-17,WY,Real Estate,Timber REITs,-0.009,0.871,0.0497,57.625,1.816,0.0289,32.8182,1.6508,13625000.0,15611142144,4.3,5.0,4.6,3.13,FCF/NI:0.03,1
2026-09-17,WYNN,Consumer Discretionary,Casinos & Gaming,0.069,1.061,,,0.912,1.0608,19.8945,-49.8858,476188864.0,8542713856,6.61,7.68,5.66,6.47,OK,0
2026-09-17,XEL,Utilities,Multi-Utilities,-0.051,0.24,0.0992,173.135,0.701,-3.5414,20.1726,1.9111,-7907999744.0,45991821312,4.17,5.0,4.31,3.04,FCF/NI:-3.54|D/E:173,2
2026-09-17,XOM,Energy,Integrated Oil & Gas,0.441,1.128,0.1258,15.921,1.135,0.631,21.0129,2.5883,20671000576.0,671351898112,6.4,8.23,5.88,4.87,FCF/NI:0.63,1
2026-09-17,XYL,Industrials,Industrial Machinery & Supplies & Components,0.015,0.195,0.0918,28.642,1.613,1.1628,25.6191,2.283,1183750016.0,25123180544,5.58,3.75,6.05,7.16,OK,0
2026-09-17,XYZ,Financials,Transaction & Payment Processing Services,0.093,-0.833,0.0161,32.58,2.209,-0.0759,136.5536,2.0838,-27105876.0,45942796288,2.65,1.91,3.96,1.98,FCF/NI:-0.08,1
2026-09-17,YUM,Consumer Discretionary,Restaurants,0.122,1.316,,,0.592,0.376,17.0755,-5.1444,833249984.0,37046321152,6.11,10.0,4.32,3.67,FCF/NI:0.38,1
2026-09-17,ZBH,Health Care,Health Care Equipment,0.048,0.338,0.0641,60.175,1.691,1.3291,22.8762,1.423,1072150016.0,17977028608,6.42,6.53,5.16,7.77,OK,0
2026-09-17,ZBRA,Information Technology,Electronic Equipment & Instruments,0.204,1.215,0.1529,86.23,0.516,1.07,31.9385,4.7984,576750016.0,16567369728,5.95,7.27,4.68,5.9,D/E:86,1
2026-09-17,ZTS,Health Care,Pharmaceuticals,-0.002,0.012,0.6491,293.996,3.084,0.7649,11.9119,9.315,2016999936.0,30173587456,5.07,0.0,7.49,8.17,D/E:294,1
